user,staked,unstaked,total,factor
0x0000d46e00f14e0a592865d8e0a2abc4a429f62e,1,0,1,100
0x004e3fe60da5c19143e3089ccc5d2a0f6eb5f4d9,1,0,1,100
0x006f2bc81839510e36633e6fcf0277d2b2f623a9,8,0,8,100
0x0079ce80043edc3325598e4a3b6293ab779bf174,9,0,9,100
0x00c1f22da90f16ecc6a083bdc4904de725436ad0,2,0,2,100
0x00c77bb231baadf849da50396db2bbbe0ddbfea0,6,0,6,100
0x00d23648dd0e799402fff2364c1406ab109ac974,5,0,5,100
0x010ed7839b8a2ea15d8e6382735b725ad1f8bb6c,7,0,7,100
0x0124e83a35f748c17e2505a5be9c8ee01a2ac69c,4,0,4,100
0x01b30ca1bdde1f68abe69c46fe88f79b496ec63a,3,0,3,100
0x01ead00a6abb3e3add546fee6a9996fe1a7702e2,6,0,6,100
0x01f5cdb361c4a33ad8bd20d4350a8f17aa155f3a,2,0,2,100
0x01fb51f8a664f0f2b7cf8f6eee89f7c1b7e05ba1,8,0,8,100
0x0249bea8bd7820ce8c8f122dc48ca1a2adda1ca6,5,0,5,100
0x0258ca807b6473358ba5fcc9410fe1aa5b777ac2,2,0,2,100
0x02bf9d046e1c0ae7fd4819d298744473eb229171,1,0,1,100
0x02dee48a27027b09b62ad062dc5e08b78eee59e2,6,0,6,100
0x02f762d61776df03905e9c6bf1a105b270094fd3,1,0,1,100
0x02ffdd8eaffc14d4625a567a9c1e6dffc0f12bbf,4,0,4,100
0x0316d058079080f2d5ecd9dd36b759f2757ed371,0,0,0,0
0x031e8d4551379431bb94f994e1e2e2c686646cd6,36,0,36,100
0x0343df6363f659723c056bdb06062b24786de0db,4,0,4,100
0x038d59db5efcacf62ed9806f4379dec89dfe526a,1,0,1,100
0x03b070f2144c4ec5c1153f14bd4a03f151271901,2,0,2,100
0x03e7e945eb72f1bb2efd153b4aa6279dd8d928e8,1,0,1,100
0x03eafefdc0492c5fa3e9ac46b80e4a9dbd792b26,1,0,1,100
0x043c91573014f46f58f73ddfab865a2536532e81,1,0,1,100
0x043f34e45e288971a042d9689fba2a7c7c13c2dd,1,0,1,100
0x0450591ff9929df0383e9d01d06f7ee7d5aba3b7,37,4,41,90
0x0462ce7f04416e56a9cdc10544282d4e30a03609,11,0,11,100
0x04635cec919cca10780a8a4bc4feed4457a1c3f4,5,0,5,100
0x04f6e350e7b624d3fcff8eef6ef8f97cb799ca1d,1,19,20,5
0x04ff9dd102dedd2eff35669ee390088e7fc86799,1,0,1,100
0x0513e58916432fdef1cc424f0f2b4cdfe438bc9a,18,0,18,100
0x0519425dd15902466e7f7fa332f7b664c5c03503,31,15,46,67
0x053c5d7367df93528eac65059cb32c6fb0421027,1,0,1,100
0x055e73da1306a9d7fea2a9d3c2318387eda2913a,0,1,1,0
0x056274d452396d7c8a0d60d19705e402968846df,2,0,2,100
0x0570da10b058cd363067c223b886499ca601c50d,1,0,1,100
0x058da25bbc9be3db229e8f5d154636edb8142f3c,18,0,18,100
0x05b388afaec41642cd20a42fb480cf5ed7aeaa56,2,0,2,100
0x05c751e2743b825f3173fdd27fd3bf60b51b8fa8,1,0,1,100
0x05eccdd0f328d6f53997fa015545cad13cbe30de,10,0,10,100
0x0632063b5dd85dfc988d1ce26baba320cbda8052,22,0,22,100
0x064d2fa793858e45bd532f02ef385962e7134ee7,4,0,4,100
0x068cc6e9f6ae88b92516e74471963404403375d1,5,0,5,100
0x06bf7280c18855fc8d9817bc3e2c65afcba3e004,2,0,2,100
0x06e71164219d52dad9cba10759402b5a3c391e38,3,0,3,100
0x06f5581bedefe4e8d9b7c680fc3cc7ce41bfc8e9,2,0,2,100
0x07284b01d3b834e5366fa75d4c756fbde8c293be,4,0,4,100
0x072b6aac774ffe93371f8085d4a082ea8d92db3b,103,3,106,97
0x07473aa32353f73602ccf795c3816418574f8f27,20,0,20,100
0x07557df2123737ba98ce43ded7d5307150ea3c4c,4,0,4,100
0x077bdc86cb17b310ae8548a3ea705d6809ade2cc,5,0,5,100
0x07d1530b3560afaba17496c011976db37b3fc2fd,0,0,0,0
0x07d8e3edf32cbb7c19d359d3225aaa6ac0d64811,1,0,1,100
0x0858c9d45ea9d6a2c4aef30df49c1b4f375bf4b2,1,0,1,100
0x08605afbda3de863352fcf170ff907de084d05cc,4,0,4,100
0x08820ebad58ff10afba20a9cb86590a7d96f2b3c,1,0,1,100
0x088424bcb69ccfd8fc2dda8c043dc4fedb005928,5,0,5,100
0x0896205afed395a120db64da7db934c3a90a5afb,1,0,1,100
0x08af04e8da08f2bfc5f9aef67977ea00f85c13da,0,1,1,0
0x08dd24959d2bea0b304bb7fe9b323bd1b88075e6,3,0,3,100
0x08f83c653bed001aee5ea3c8466dd4d3d2d4ae67,4,0,4,100
0x09055d850dc88258eba0f69b1d2b4572f2358de8,9,0,9,100
0x090a0ceadfe6cdb6f44083e32eeae0262a359fcd,40,0,40,100
0x095611e05731d3085bfc8862d139232c248d1e82,1,0,1,100
0x095ed9a27102c5e8eb106848a7ca09e4a0164765,5,0,5,100
0x09616210fe0c58bbd5205dd301a8635382766dae,2,0,2,100
0x09a0b76ede80debc3a470965a2e38d2d7fe3c2c2,4,0,4,100
0x09cd5877bace2ecc8557897d2240fc78a5fcb000,13,0,13,100
0x09e07add8bffb4f8f130f5c5b76aba96648f9f43,0,2,2,0
0x09e9c49d936b73d07901d13f8689ea7101a2ccda,1,0,1,100
0x0a269666362819ccc2801640acdaa696b16d0d5c,3,0,3,100
0x0a2d3dd46e44acec0da085268502880bb384bcc0,3,0,3,100
0x0a2dc66bde44a7a3401efc88f385387370716a3c,4,0,4,100
0x0a2e5a3539974bf1d67c2212f8dd602559288aed,2,0,2,100
0x0aa1bbe8ff9653c4b3a8751c172ce670853bce96,2,0,2,100
0x0aa350fb487f75d4f5d6ed920a5ae0923ded06e1,65,0,65,100
0x0aa797a5008bbb9baf7c1e78b28ad462c1fa9a6f,2,0,2,100
0x0ab9f404d8f1717e5c44b8d3d762bd508fcf21d2,3,0,3,100
0x0b204e49a610211bfe1ae2f0f4d924055fd387b4,3,0,3,100
0x0b3f54ad310c6df4f65154438f53e57c8d5553e1,1,0,1,100
0x0b402b3e1336d8e0f84d7333622e87617b254f11,2,0,2,100
0x0b431422e68a66ca1384c6dc3a8c69da27cd9065,21,0,21,100
0x0b4d70ad6d38c8ad9dcbcfb2049ae3108ce875f9,0,0,0,0
0x0b4ecf28692614c10deb7d8579f4878be3fd2de9,2,0,2,100
0x0b5d2f7d8b1cdb0974e3aa056f94ca98f139f369,1,0,1,100
0x0b7321e1d5328a17fe2ab138d17be6151e0d6bc6,1,2,3,33
0x0bb43efc1a613658177d8f67ccf9cffd8b25b906,1,0,1,100
0x0be8f48bac8a60498a2ca1b5d40ea76c7dd8f1ce,2,0,2,100
0x0bece63501fc28cb3a1e7e99e385a8c79c47d08e,4,0,4,100
0x0c68ac7f8a51c6118aa4edb245615188ac81cfb3,12,0,12,100
0x0c872ce676fcfaf6e8701518f5a1a67f9f6d6402,4,0,4,100
0x0cead33eb6adf4860b6b8f66687f51567e111973,3,0,3,100
0x0de6886471e3d3adbb8643376bef78b5d7a82ee7,1,0,1,100
0x0df8d763cf1afc313e982c463a9b3eefb2bb02be,1,0,1,100
0x0e05fc644943aae89dd3fec282c3f86431a7d090,5,0,5,100
0x0e4b3c98f27146b35f8c243e3dbc1573208b24e7,44,0,44,100
0x0eb056847392ae37d58019ea355c4dc8fb5132a8,2,0,2,100
0x0f1cc91b9a809cc07e1a0257d057da773787bc94,3,0,3,100
0x0ff997a58b58dcbee03132b5884c181e97423f98,15,0,15,100
0x104c5c75f4295b55e5aac5d2cd9aeb7d774a189b,3,0,3,100
0x1082db3bd6d7413cf6bb4cb6bde80fab3b739a1d,3,0,3,100
0x10e92beb1c4cc2fa107314d4cfe78240e8cc1fc1,4,0,4,100
0x10eae186b519a172832ebe2a6ead27dc403863f2,27,0,27,100
0x10ecb6312f28280cf42926e4a052fbbae34cf37d,1,0,1,100
0x10f043fd81bb740253f64394a4781e48ae9e2006,2,0,2,100
0x10ff96098f0093ecc17f810879169165fce269e2,7,0,7,100
0x111b46246ba9bf46ef15dca39ab7775897271951,9,0,9,100
0x11420153f1247554aaec76629497849a683a058b,0,4,4,0
0x115017f504a791d7def5dcba769f8072f79579c0,0,0,0,0
0x117644bf2d1d10ac48d18efae6963d9e4fa4baf1,0,1,1,0
0x1185513cdcd09cefafa480808e50afa60ecd92e1,7,0,7,100
0x119e3224ab7e7bf8777e0b4adc0612417234c9e1,1,0,1,100
0x11b3b975115ee3274bfeef68d70ff97e9ea3bd07,2,0,2,100
0x11c75d11351ebd46914b574700e0b635e907aa43,0,0,0,0
0x120609da75cf68f9aacf4d7e8b627eb9186ba27b,1,0,1,100
0x1226cf8f9879fee449fd52fd49b436e65d1e69f2,11,0,11,100
0x122c5acb22af3ba3d63243a7c6aeb75b149c3186,12,0,12,100
0x12459284253a0fb550a3d8de3debae90dd72aacc,1,0,1,100
0x126298d5e5d969772b08ecc969c77dcdd7f0d326,1,0,1,100
0x12962696ec63c303d4840b6e805291e79591d070,9,0,9,100
0x12a7a32b12de96f7f80279dc06c46c0de149d0ec,2,0,2,100
0x12b8148a920f658d8e77e259eefbc624260b5afc,1,0,1,100
0x12f243b1bb39094a61ef15ffdd499f441b4a11e9,3,0,3,100
0x1350804da29d56eb3ec41189d8a7168fc017401a,4,0,4,100
0x1374a80eb56c140e688796cc38f7c5cf60da365e,2,0,2,100
0x138d049a34d20b1997f9f057b03b7b9cc97a5b9d,3,0,3,100
0x13c512aedfe76054f37a71c629d9c195338816a3,1,0,1,100
0x14200888c9b85b4f1e589de4be12e46916b7af31,3,0,3,100
0x14634c4d90bed083e97eb4593618f7aab9ca7d44,4,0,4,100
0x148afbce5ce5417e966e92d2c04bd81d8cb0e04e,15,0,15,100
0x148b91e60b106c5a561c269f8aee1b71b3b8bca3,1,0,1,100
0x1496c9fcfce57efe3252ddf14c33b99839986806,30,0,30,100
0x14ce66572b2732fade7feeeb133f13f524498087,11,0,11,100
0x14e942eab884e47a940768f4c7e5225089e51001,1,0,1,100
0x14fc0829cedcb20e133d524d767ba1bc8b7bb71e,17,0,17,100
0x154500ccb9cc55a0e390966aa53fe10e7da1047d,3,0,3,100
0x159b1792eded53bf56945ab41fd534e691f21c35,2,0,2,100
0x15a8bead7f8fe542b5aebf0ccca2f06b1a9a58e3,1,0,1,100
0x16015075cecec68cd1f9bb6c8df185916bcb866c,1,0,1,100
0x1614bb9c702465ab1f3b44af6b83146183182297,2,0,2,100
0x161f63b270366e2088053acbde67b5e84b1b6b34,3,0,3,100
0x1669cc3c268acb94dd0a05941d3788ce3d967511,2,0,2,100
0x16906fe850dd6641abf46eaf887b4e8ce0ba9fa1,0,1,1,0
0x1697e1072d8d4d299468bf1d96c0375391fae8ff,6,0,6,100
0x169b8e5784df150e0dec0f26059b3a18272ef629,1,0,1,100
0x16a7aa64872ff37a456de74b3783fbd4df3bd6d0,2,0,2,100
0x171b19d7cc01f0862331f92b81e5b015a7d21342,6,0,6,100
0x175052854d6b4a1fca26340b1218b54f74d0f0e4,3,0,3,100
0x17553ae6ee2c014f340bd89cf120572a5aba4fb2,4,4,8,50
0x1768ae2e04aefa9a8c65321d1fb568d71ab3eb32,1,0,1,100
0x179d5d9c1960c26c5c620d37cbf892a0084396d4,4,0,4,100
0x17d7f113b9cc2123810e644204fc4a17d14cb170,1,0,1,100
0x184b9757aef40cf051e0fe4242a69362b39c3915,1,0,1,100
0x187618b146efa66b666793ae82fd5c9c4927adfc,3,0,3,100
0x189c8866272b2ef847e1fa3ad1cdfe3dd13fd090,3,0,3,100
0x18a6e9701e7aa0f272ae617097247b49cccfa799,0,0,0,0
0x1993d3900ffdba309cec72a5188c7f165ec263e8,3,0,3,100
0x19dfe4f4af813dc8a22476bea1371e1f0180d93f,0,1,1,0
0x19f6b231acfedcec477831abe7ca035f2a014f92,1,0,1,100
0x1a69b7a6347e95804af8a8c138a0d26d65a3150b,2,0,2,100
0x1ab817f9d47353053eeed5ae1fb7b937de4371b2,1,0,1,100
0x1ab895797d9aa35173705c840c35f465ea7186e0,6,0,6,100
0x1bc3e2c44e0b2dabb1b06a1890273571825d3e03,1,0,1,100
0x1bc882bf7d71123174bcc2f9f3a3b6a80e41e357,7,0,7,100
0x1bf058ccb06a34cfdd1409337380aedea6a0eddf,2,0,2,100
0x1c08b11009ff9cff1de422de4627884c9baf2605,1,0,1,100
0x1c0ab915bdea934297dea566c3589425e2153c51,1,0,1,100
0x1c94cf06951bd77246f32d9a38bd6cba40b7cd2c,1,0,1,100
0x1c99c896148553a7872a3aed4c849412849b3d3c,0,1,1,0
0x1c9b304a473a3f0745662fdbafd22cb1f5a0f4e0,17,0,17,100
0x1cbb8f67093996cc9bac4e704200402603146fdf,5,0,5,100
0x1d5ba0df2c11d0d19896fa6f4e6d6ae779d68dfc,16,0,16,100
0x1e0b2100e545651912c61025f56b3a9cc65a9199,3,0,3,100
0x1e5c4dedb33e5d5c04c01115947c1bb04880ee4f,33,0,33,100
0x1e89b0ebf9cb2c33479c007d6625ade3f16a9dcc,0,0,0,0
0x1eb9c188cd7bfc599aae13c6d4ddbaa55ba24e73,3,0,3,100
0x1ed3a2f66605ac6cfaf586735044e8abf29f3d8a,0,0,0,0
0x1ee4abe61e330ab8d5f02480d2384a7f2ffdfb19,1,0,1,100
0x1f0aa263a437fd569cc108f1f08d79a9ddba2f95,2,0,2,100
0x1f8a597be8377516b134ff97fff8b1a84138f83a,1,0,1,100
0x1f906ab7bd49059d29cac759bc84f9008dbf4112,7,0,7,100
0x1f93669cc3a85f4d8e093ff5e00ad462139aed47,56,0,56,100
0x1fd4b992fff3f5058ee1860ad618bc24ba6f9809,2,0,2,100
0x2015964af35590073bd61f3f3738bfa9f080347f,1,1,2,50
0x20361ff305b45f18a7edad8c8775dbdb81665f50,1,0,1,100
0x207421ade4d6b5e693448bc0357032f009aa1351,0,1,1,0
0x207b472f26198f42d1e4e6bb76fa1a998019fa6a,28,0,28,100
0x207ffbea91ce2edafff398558e31cded3f9f76b6,6,0,6,100
0x2083370bcf334d50ca7c6e06e969481365b92e21,4,0,4,100
0x20cb6ae10d7c23986d525c767ad4b39d4dfdf32d,3,0,3,100
0x20cfb33b51d1f9414e313f0c54547613b2a491b6,1,0,1,100
0x20f8b74d4ff56c256ce72d1f350567d9ef8ede51,1,0,1,100
0x211d18bc603ee92642ffc62dc4198920435eba4f,1,0,1,100
0x211db282704d8b184450c123950c4f45ffa95383,10,0,10,100
0x2170a7405275f4bb7062acafa4606607185b04cc,2,0,2,100
0x217e7b4534548dc723c83c8ca00d1fa4d7aadb68,10,0,10,100
0x21d632e53c4961f852aa1b3de252854951f81591,3,0,3,100
0x221073d2952e63794e24798c543960ac7611671e,20,0,20,100
0x223044e4b1f4c2ce277e0f20d22f7d4a746e8652,3,0,3,100
0x223a35433f3f87ef302fdfccd77777dd0cd51f80,19,0,19,100
0x223c2a0d47be97a39379c35fac4444a415195d38,2,0,2,100
0x223c2b41bf1157dc201565ecb64e4ea226f39e55,2,0,2,100
0x2243c98e8b0706333736b719878a777ea703eefa,2,0,2,100
0x22657fa9507662bb007f0ea905e15ec31ea85d3e,3,0,3,100
0x227e98fcee30746d6c1d73d85410300f6a38bca4,1,0,1,100
0x22889f8c74ae7a4dad0f304c8ab84da11740b963,1,0,1,100
0x22927ed4d5b22e98e5c4df4d9bc6493fdf64780c,3,0,3,100
0x22938eb668313a6132345c947dd816be6c2e50d5,2,0,2,100
0x22a4954445046a65fd7054e598f2feb6ed54a618,1,0,1,100
0x22bc52bf65b56e62e88f0ce08ef17b70f1043c81,1,0,1,100
0x22ca086cc77f6a4f1802f4a1efc73a44f995259f,1,0,1,100
0x22ca9cdb3d1451f39abdf3478f1c3ba11b73f075,8,0,8,100
0x230091867144699da607e5005b336ab09f923c3f,6,0,6,100
0x234a14fddcc2e533156b5a636db9a071d54e9baf,0,0,0,0
0x23836295fd3818e0267d50c8fdf089415d899330,1,0,1,100
0x23be90335e79d3245615985d91f69814f98a0fab,3,0,3,100
0x23f8b988d70d71bb1d3354d6511ced807cde0724,2,0,2,100
0x243c9dc0f20e617326ab5ae34adec887324af05e,1,0,1,100
0x2463f262d42b0e17d265975ec7662c64cd6d6a95,7,2,9,77
0x247ff96720ec1406f67543831e7ece60f4a1a894,6,0,6,100
0x256b4e3cc7d0fa1b33886b418b1f39d245465a51,2,0,2,100
0x258cf235c6a45e540e7ab8512904027ff73ba63a,13,0,13,100
0x259296a67a9db680edc0ce546a543549a0578947,3,0,3,100
0x2597ac3b5529d125427052a42462b0239b2918c8,1,0,1,100
0x259ab78448d174079b23e656a03f9a3b692d4bf3,5,0,5,100
0x25bc7415f7311ac58213cf6faf59aa805442c0cb,2,0,2,100
0x25bfe04bd8cbdae8104d8fc441b593460c961457,1,0,1,100
0x25c2312fba5289bae256570ecd35c979e9ed4961,3,0,3,100
0x2624ee32fcc1ea3f33243a4cb6182fbd02ea4b95,13,1,14,92
0x2671f4197305d8504bdc40686791ec06d9df75a6,1,0,1,100
0x26b0a325db38f6b635d931ccac4a641fd83fb798,3,0,3,100
0x26bd1a2d21d1d0f796067e751bd9145bd3bd40d3,9,0,9,100
0x26ca678c73660853c8e50b26df43a25b9527f4fd,1,0,1,100
0x26caee14b8b92094d485bf1de87db26ee4a21799,15,0,15,100
0x26fc65a295c536699adf66ed68d49fc7a7a14d14,3,0,3,100
0x272d68e81fcc43172924f0c9e0b4e2959e9bc8fa,4,0,4,100
0x274ce578e9f564636a37a16c76a6d2b3f0526af7,1,0,1,100
0x275f9ea87404b6ed96eade547f0acc71d55ab309,2,0,2,100
0x2786963878fb87e7101308f43613837ed54529d2,1,0,1,100
0x278a9377dbeb736bf5a224126ed062c67c6e12fc,1,0,1,100
0x27ae267b899bd2fc47e97f789c744e7fbf5e1cb1,8,0,8,100
0x27fea46a70f7aebfb0c8c59455ee4ce2af76257d,1,1,2,50
0x2809f5f24938afc60ee23dfb92e7438af87462ba,4,0,4,100
0x281fb0df1e708ee20c03412c08cc80e1f0dd46b4,4,0,4,100
0x283de20e761ed7e5c57c32ede4220c3e003d13eb,2,0,2,100
0x283e73a799ad329099a35693141b60efb558f8b3,14,0,14,100
0x2853855871cc902a37852af3e506a1777d527520,0,1,1,0
0x28819d8e31e4d5d3fdeaabb1c71cd6b68961f79f,1,0,1,100
0x28fe34586d541f5f8403e827b8fb383046b615e5,1,0,1,100
0x2914a01be29a7f726052ecb3381d52de02d6a302,6,0,6,100
0x295c4df976c84bc378ee2fe8fba7bfbe1541d225,0,1,1,0
0x2985559c2751bd80c0f5df3a3328aa9a6f4f7974,8,0,8,100
0x29ad2ad28abdabb877e5572b57219a594e21ebec,3,0,3,100
0x29fbcc89d69a23b4876f63ca87982770270cdc0e,1,1,2,50
0x2a81007b748d75bd9cc685dcb8b216e14a9b98b4,3,0,3,100
0x2aa32ef946c4b15de8c81d1387bbe0a933b6b948,46,0,46,100
0x2acb34d37c2a52b51d71d840410d525809c95ebd,1,0,1,100
0x2aebc247043132390096e576c3f33086fef82aff,6,0,6,100
0x2afc032aaf6d7ead33fb05f9d42d874874dfb9d1,4,0,4,100
0x2b0eaf2c46008cfc146d9a12f54e412c47816d0b,2,0,2,100
0x2b1bbf7a8f80e0a51edb6c4b127a67c22c010376,19,0,19,100
0x2b23d84af36f72bbb48523fbe2b3219e4ab8b780,1,0,1,100
0x2b6f7b6112ed281f8b5a5767876602d48d549f54,3,0,3,100
0x2b83da50c013c6e5753c76e5b6aea4252ecea9f7,1,0,1,100
0x2b9d54e060a0592ae669acb30d5c155a4f363ca2,1,0,1,100
0x2bc4848d787512d79ce71739d93638067e2a5161,2,0,2,100
0x2c33c5d40150349700108d557116275968d7859c,1,0,1,100
0x2c88828b02c624ec820b4c07ff41c2b3a3db543b,0,0,0,0
0x2ca089cad105eabc7295793aa8a24a9c227e6e47,2,0,2,100
0x2cd5cafc209d57468d0bd3e80061b40adc498746,1,0,1,100
0x2cd62f8a1b150ba6ead3e95f15ce89c2f34a7be9,2,0,2,100
0x2cf1dae5e529f3025d5d0036d59da06a024fb706,2,0,2,100
0x2d22d9294d4e09036df2588422e61f70ed469963,1,0,1,100
0x2d2a542cbe65a85ad3ccc7300922262efdfb6f8e,12,0,12,100
0x2d3542bfb49123aa754e5095e241b01c56bf8073,3,0,3,100
0x2d4888499d765d387f9cbc48061b28cde6bc2601,5,0,5,100
0x2d78d0fb34ca385a59d39d98702039cf7fc05137,1,0,1,100
0x2dc867c6ce49de32c2aff156d9ba82bd1aa9930f,393,0,393,100
0x2ddc842ce54866d6ff58f5f82c6fb838e6a74cd3,4,0,4,100
0x2e00830b4fb93e66023aeba548544bcd7dcc893b,4,0,4,100
0x2e02f7b08d51c196f1161a137e09036611dd4c78,13,0,13,100
0x2e27127e82c991fde0cd1744d2376dfbfe585d75,4,0,4,100
0x2e3d82873bfefd7c3c4ec0bd3d1a7e2efe439e4a,14,0,14,100
0x2e9b5cf2d8f72803aaec751938fc5105b10d5283,8,0,8,100
0x2eafec183d06d88ddc60b35a4e0425104d11b127,2,0,2,100
0x2fb22cca8cfa26197ea6ce1963d8b46c135fece3,7,0,7,100
0x2ffe8d454e68f6a4e778f8a2eb09a62d2aca610e,4,0,4,100
0x300406cc11ec10d55c1d2d9448e77fba8e4d2d8f,1,0,1,100
0x303fc875d1fc3126b1ba0b011eab69a506c50a67,1,0,1,100
0x306782345ff026a75f3003c957030e57071e9f38,9,0,9,100
0x30b3247e2cefcda180c69bba625bebc57da2db58,1,0,1,100
0x30eee872d726f67bff16cbee364d66139dd5f6a1,0,0,0,0
0x3123ae90a45d6c55dbbc16ef2d2505a67576e309,4,0,4,100
0x314686cdcff77c6b7878d3584e34fed3ec76af50,1,0,1,100
0x31a24a5f32e92963b57f95f85b276f6145be575f,0,0,0,0
0x31f2b32d20377345ae1f5fd789cb233eb4a31c91,0,3,3,0
0x3236cf4026c25142848261ae3857e901a98a1e04,2,0,2,100
0x32371b624fad61fcc122813ac42ec6f8639f7fb4,12,0,12,100
0x32424d9a40a41f8ed60b388fce76dcdc1c4fe841,1,0,1,100
0x3270607f8870ae8df22d1e2640de843288616422,0,4,4,0
0x3274d89c5c27c33bf44ff44c027a6f986e4e7bd8,3,0,3,100
0x327a4ff3d5ccf2db24c7e57abef61365eec18d39,1,0,1,100
0x32d1cf009bf34f9e2bc53f86e8dced57e10fbdec,11,0,11,100
0x333121b9a50b4adc22fc74955a0cf54c051a4eae,1,0,1,100
0x333a9bcaa5b9e48d72f43032f99ed54aa572a60d,0,3,3,0
0x337ab2c4e48b8b65da792c22665282184f9e5aa8,2,0,2,100
0x337cc1812715ef4bd5562bbcec28ab84e8670dce,1,0,1,100
0x33bd7e2d0fba88940fac57091d09ba8e9982960e,1,0,1,100
0x33cbf3464813a5301dfb184ce7a2502ad3b9e86d,12,0,12,100
0x33d3e21b0bed187b8371ac40696f7349fe730398,1,0,1,100
0x34727927365b8430074718af03a01a9ffc77a696,3,0,3,100
0x349354be06ce5a4875ee3faa0e84fd1f2178c5e0,0,0,0,0
0x34966114f9fb465a5433c8b6b5e815f58a92421b,11,0,11,100
0x34b4e20b145955bfb893c580584e815f52567620,13,0,13,100
0x34bdc44a9141348d3b32f2b551a9133215d51c78,9,0,9,100
0x34d6b018874ae23222b96791a54de46466f53044,2,0,2,100
0x34d8a6015bd8e70fb7059a6d2854ccb010cb4222,0,0,0,0
0x34e6db0593c49438b286d45f572a599afec7fdde,3,0,3,100
0x34f2ac0dd90b768b382e981e50312333a7a1a69d,7,0,7,100
0x356c713ba21730dbed6622db7e048a1a21d6e08e,2,0,2,100
0x35be86e0ce28ea4d87ddd0328d04b1bd86f0b31f,0,0,0,0
0x35d3ae1e771a0f7d24e9b5b1370be19341e7d04a,1,0,1,100
0x35f34185f753d5fef739d46dba7a26b2bd88c83d,3,0,3,100
0x35f3ad72bc46de29500a0d141f9d08c843862b7b,1,0,1,100
0x3606976859a0771904dbb747eced66ef5d0e923b,1,0,1,100
0x3621fd0db8dabc21d522851de01114cf82b7c21f,12,0,12,100
0x363085d9ebc20715fc61c3337f293b7940529e1f,6,0,6,100
0x363403398aa1d2cf50f80aabca13ce80d1f72a64,7,0,7,100
0x363f325180dfc46899d6bb43be23206258255295,1,0,1,100
0x3673cf19b6efb296e29d9b07666e9625ed63cfe1,12,0,12,100
0x3681b0d7dfbf033065cbe2c418ac304de028a89d,1,0,1,100
0x36950339225bca950f50eb540fe42f419c6e6812,1,0,1,100
0x36af13e2188bcf041250231df380b828bf43aed2,0,0,0,0
0x3702345d0f44cf3451cb3f71f792529eb6b4f72a,5,0,5,100
0x3704ef69d0956d8cd4bcf558f3c7e6cebb9323ef,1,0,1,100
0x370ee840dde9d938b56c4221c2b335932a38e3a4,2,0,2,100
0x374056252e9599529ff960635c25bb7a5d06d437,1,0,1,100
0x376b79f67d2d99c863ca4846830379f0088284a0,6,0,6,100
0x378bde8b897d64f4047189c3f8b689008a560bad,8,0,8,100
0x3793f2ff1b0f04010df3f0821b94171d4199229e,5,0,5,100
0x37ebec4cfa5ea22de31810512ef8997f1906f973,3,0,3,100
0x37f879d7c4a23778b252fad5194717b924f8c97d,1,0,1,100
0x37fbcd47afd7b5c2a020c9cae9594fe9bd8b6f1a,1,0,1,100
0x384582ce938903395c7070fa3f8a3a3a02217823,8,0,8,100
0x38a55929d4047ac9192de1be35f9a957e4d03fa7,19,0,19,100
0x38cffab8dbbbf5a0f2eca2ec8924edf41535d340,2,0,2,100
0x39a34314bde4a59a96657714085abf01004ffbd2,0,0,0,0
0x39d23ab0372ac821e4f7ba1d1add6e687c157329,1,0,1,100
0x3a280a9f96c20d1c9a221d05be2b4fad3f506cda,5,0,5,100
0x3a299bb5aa19b1b35d14a5f2e556ba8a0c17fd2f,2,0,2,100
0x3a8038040a1e8f89f9ec61fcfd6d10666b62805f,1,0,1,100
0x3aa514a58ce82e4bace0e8e26b0873cbf63678d5,2,0,2,100
0x3aad1a7c11eb24a9ffea2e8553e8402cead7f278,5,0,5,100
0x3ba3ff3630adf6c0ef849b97987dbda7ff35e9d7,4,0,4,100
0x3bc1a8d4eae6791a9c9efba19d6bef122e050e0b,3,0,3,100
0x3c9ce85dfa1fb92fd440a99dfb8e00a831555227,4,0,4,100
0x3ce01a2c63de68f729159dd800268621b3e72468,2,0,2,100
0x3cfc7d3820be04def9b62632595732d517000198,2,0,2,100
0x3d094b41db63a80ca0a3cdce40f347c6d01eebe4,1,0,1,100
0x3d1e417499ed11f40125ece4f545b4ed6652a80b,1,0,1,100
0x3d94b660d4ea004776dcdb7f7e46fd67daed19e7,1,0,1,100
0x3db5743b936cb7280fdd475562b0942e31843337,5,0,5,100
0x3dc0eb643308815a23e0ed4dc35848062743f93b,17,0,17,100
0x3dfc3e45e186ac069b8a05bdc7747482faba3493,0,0,0,0
0x3e0943a372f6849cd54cd5bf0c1fe899fd0abe43,17,0,17,100
0x3e2e2d44960e041fca5f4919d524a2ce76b7ab03,1,0,1,100
0x3eadb55cb2b7c30c6f966a33139b338a3affbdb0,0,2,2,0
0x3eb1ccf2f279fc5497d8bc173080bf69ba42b909,1,0,1,100
0x3ebc3728e10e13c440259365bac4ab62451db542,3,0,3,100
0x3f0a3ddb1218620a15ef9855ed86668935db1bbc,1,0,1,100
0x3f267b7d8d03665982a13cef2b19d1e4a7f83740,0,1,1,0
0x3fa021bb6d2b7310c65f2a47a0d25cb8001d5175,1,0,1,100
0x3fa038959023237662366b61f94776c5063d3d0a,3,0,3,100
0x4027df81bf9bec081e6c2c62713a898239b9232b,1,0,1,100
0x402b083a73a138cfd70ad8de9d0577139a0b9469,32,0,32,100
0x4034b12ca765992c3c98adb86abb52c8893e717a,11,0,11,100
0x40cd1b8e97cc430a52ea1194e10f7843b00ba18e,0,1,1,0
0x40fb11974e49d3f9e811123bb16c78bdefec362b,0,5,5,0
0x411a665ffdac06e60a44bab5a1580bb3857da306,1,0,1,100
0x41320d3d256e4b9fc59aa6689a67c91c333851f7,6,0,6,100
0x41ae4544d33d5fafc3c6003952f75c0bc1815438,3,0,3,100
0x41ca37052d6f6c5ff804cc037551f1533a6fdc52,21,0,21,100
0x41fa8cf2ae231a7e76881b935d374b4237aa9983,5,0,5,100
0x41fd39b1d3857ea2520448d167c2d0dd28d28a75,4,0,4,100
0x4212d149f77308a87ce9928f1095eddb894f4d68,3,0,3,100
0x427298f10168ac195fc0dd4054d5abc0fd4cd541,1,0,1,100
0x427d1f5e3c24ce2409312c9d4327121f8198319b,7,0,7,100
0x42809894214e068af491ddfa8929385b47f28742,2,0,2,100
0x42d2ba5d094964b5db944ed7f64e6ed8d6743112,2,0,2,100
0x42e2c284ba2b74e99c319a737c9a6aa264b3fb22,4,0,4,100
0x42f804d69299cfa0b43540ffd09cfc78987df2c2,1,0,1,100
0x43076f49698fce5e5665168a5f01d89165a8db41,1,0,1,100
0x430838de19cfadd5ee92cde3882eafabc0a02325,1,0,1,100
0x431b5ddb0ace97ebc3d936403ea25831bad832b6,17,0,17,100
0x431cc5e417d52e9b8e0741a414ed31588ad64c6d,0,1,1,0
0x43266f7defdc8c85b153a6474f5d2a10e330d4ed,3,0,3,100
0x433d56f39525d60673541c09a5a400c9794dd0c6,2,0,2,100
0x4390b9fdb1099805e36f9d1a6b33b290719cd0c0,7,0,7,100
0x439f65fe6a56d7bd0e851bd6a03752b3996d83a5,0,0,0,0
0x4472a5de92b8bf95381a6910d0570a21cb08b30b,69,0,69,100
0x44b6282c313871ddf5afc9bc52682113843cc851,9,0,9,100
0x44cf9689823f5d82ff49bd6d6dd9a7bc7b910da0,2,0,2,100
0x450012dfd9105182a9a0cf26119c1257f96e7f87,2,0,2,100
0x458850dbffe2c39e0a24af4e3f4fc333f066862d,2,0,2,100
0x45a7ea1a8d13fade7e9ff7aa9f4b01baf99dfa83,9,0,9,100
0x45beacbb0e144718e17deac4dd810a7501244c89,3,0,3,100
0x45d2738f38fe72eabf26306ad055cc433fa1f76f,0,1,1,0
0x45ed4349085bd59038b4adf1e77a4543706aa6c0,1,0,1,100
0x46228b684507aebd94734b6fb327ebcb57552664,8,0,8,100
0x464e1e588bb3f49d039ab8c4d5e33bb47ff8915c,1,0,1,100
0x4689d6581b12321bb480d343eb24b33be4b07d9e,3,0,3,100
0x46b78c4e9c3db632fe85f831f03bef9c73f43874,4,0,4,100
0x4732e9e9d5eeca07703510b05d8976d1f2678812,7,0,7,100
0x474ec5914cef2e1ea506eb4c822729e1f68911c3,1,0,1,100
0x478bb542f7658d635abba67edb987806dff5b83d,4,0,4,100
0x47b49f40259061f9bb62646e5e6a7561bf30a58e,25,0,25,100
0x482efe595b15a8222c34d2eaf7828d1785a8dbd5,1,0,1,100
0x484f5304ff80ec653f72822d31d9cb07743fe1a5,8,0,8,100
0x487a76b9a8a0cda0a5ecae891a6c18fb14d05a4e,4,0,4,100
0x4893ce4d89f4d3626e9ce9dbfd71a2d315a774b7,4,0,4,100
0x48bdf7fe0506cf3889ffcd832d84e2273840579b,0,0,0,0
0x49030096fb460a454f339e623eb764dc48c31cac,3,0,3,100
0x490c6bceed506425345b82253d9212d023f1d1e3,6,0,6,100
0x493412df8a426a5ee90a35400acb933e9479aac7,8,3,11,72
0x493b1af89a2aeb19d1f40a79ba50721bc1360aec,1,0,1,100
0x496fc41e88e8b40812c426691ee23faa1b3cb910,56,0,56,100
0x49d443d89da0712b1d608eeaedef2650ab8b2206,18,0,18,100
0x49e59de5dbf06ed83116afaa0570bfe13a8d5ba7,10,0,10,100
0x49eebb6ccb00c6c4a114831b79d689bf669d267c,0,1,1,0
0x4a06f2320b17040001174331a4ef89c8214bbf43,9,0,9,100
0x4a2ccc72d8570a7f872832566649f629e35adf69,11,0,11,100
0x4a60adc9dba099a2f0c2c50befea1c017c70f43b,6,3,9,66
0x4a725f822dc5054df7ce3d4f4cad70b462905570,9,0,9,100
0x4ae50051b8dc10d8501041e2eea93341db29b52c,1,0,1,100
0x4b2a34cbb4f51a4f4ad9ec80b0191cb04ef27f90,1,0,1,100
0x4b31c76c07a7dab42c3405a9cb434080c8fa9ea4,0,0,0,0
0x4b6a26c3fa2d17d3cecfd77d5a96d8ac9c5c5b5c,2,0,2,100
0x4c558e774f84d8f713651e39b3fb00104086a8ba,3,0,3,100
0x4c8a472bf54fc484ea8781969ab5959254d91d8c,1,0,1,100
0x4cb1264f7b868a4ad1598c1dcbd26bae7500298b,2,0,2,100
0x4d128d2b339988029a387a0d80ee9d680a84d17a,1,0,1,100
0x4d1473843227f96580ce0d11f0308bc428f9883a,2,0,2,100
0x4d96c4cd2555bdd631af663adc236676c3208c18,2,0,2,100
0x4d9dfc5cf3edf9b4aff12d57576bcce1c0d23e36,6,0,6,100
0x4db32f1b39e2c89975c6122d9e904352e968bc3f,25,0,25,100
0x4ded43fb6b3838ec0b5080550025864c24165c02,1,0,1,100
0x4e127fde1aa060b9a0cd18cd0a6d8b55e8fb9b8c,1,0,1,100
0x4e43b17a7cdd7894b12ba77a0b72f5c16f8d3e0a,2,0,2,100
0x4e844c720bfbbc11073ad114e9652a169e39a524,1,0,1,100
0x4eb5c09f266a6681f3a7729cd4587cbb1ae3d41e,7,0,7,100
0x4f0e2e040fcfc4d80c89f54ce5a7f1799bd4334c,13,0,13,100
0x4f2c034f34120fddc79ae91d9769c92dad1ddce1,1,0,1,100
0x4f4a4a3d55b0a484dd981d91bc792461f19b03da,0,2,2,0
0x4fa7887e2a3967f4de47a65efc54b0a8bf56b409,2,0,2,100
0x4fb5a329479d60a3232981d5c7f985fabbbd9e20,1,0,1,100
0x4fca51a5cf20069e993017bf823daaa583c08d94,56,0,56,100
0x4fd105c45d9b283b84ea28ffa11e6ced61c6f26d,26,0,26,100
0x4fd571ef37ecd361b76d0111d11c38e28dffde5c,31,0,31,100
0x50ae074ea6965c656b6ea8b53ab39f22f6b63e1b,2,0,2,100
0x50f028bd83ae3290b2d06e223b99be78b665d1ea,6,0,6,100
0x51413c76887178c23adcdc9a131f4e36ac90196a,1,0,1,100
0x518fc478e735911eadfbcf84a38b072a873f80c4,2,0,2,100
0x51949bee07ed878bdc7b537fe94de47ef1e6dc2f,7,0,7,100
0x51f4701d149e46114e57a943f2a175ed6c5820bd,7,0,7,100
0x521f4d5649726836ad4273cd0741e2edde1fcdf0,3,0,3,100
0x522fae59d010fd1e2f89062296dde7dc53d82cf1,2,0,2,100
0x529e1e883d88bf56bd21234f0538a348dc3bac04,8,0,8,100
0x52c984805240d4f98ed6a56a4d421542dd4cdf77,3,0,3,100
0x52cf35d079a551d90c50d0105891d28243f905de,2,0,2,100
0x52dbde403a9fcd6e9e5dae372cdafb499c4a548b,2,0,2,100
0x52e62d8f7d68a986b88a017a950bcc4227b8be53,0,1,1,0
0x52eb753f528e3113099bbc8304233dbaa49ba9b3,1,3,4,25
0x534d1a3374c966502e25d1d5d1e0ba9b5bd67c37,6,0,6,100
0x535aed7eb3cf62f70f24b60bd010489c5bda4422,3,0,3,100
0x53654c0fb33079487477246feec866e700fed0ab,3,0,3,100
0x536669b66af059feed02eadf20247f396bc3545c,0,1,1,0
0x53672f9be477d5829fcdde348f35caf15b2e3255,1,0,1,100
0x536aab8641a3893bed58706846ea311d69ffb558,5,0,5,100
0x5374772bcd432a2469cb1f0618324cbe26ef56f4,1,0,1,100
0x53819902e74a6a484097851735b412a3ebf467f7,5,0,5,100
0x53918dd1bcbc55e23ca8eab90cb9123fbed6fb60,11,0,11,100
0x53dbf5c19839dea204f7bc60eccc4e8dea7ffbba,5,0,5,100
0x5437500b3c72fbb66af2c4bc6df5f1c495d3a4bd,5,0,5,100
0x543991f248e8e9cb9cc92196d03dcf612c108dbb,10,0,10,100
0x5478e1cf9f8bc1159533069a7bafd5c5acebde0d,4,0,4,100
0x54a0207ac62fbeaf63bc83b0bebb73322f84067c,1,0,1,100
0x54bc8cdb4c2ead13b4e36952c4dc19c18294efea,0,1,1,0
0x54c585c92880072a80c2ff7616fdb0712738c4d7,1,0,1,100
0x552b80f48c2a670d69871009c08041d0c4fa3858,1,0,1,100
0x55557bef6702870985486615c2cb647ed5516cfb,11,0,11,100
0x556c5f62b47b4eaeee16d2b3fe7114b226056728,3,0,3,100
0x55803dd2f7f2768accfe7fd3b477d8cd51684160,0,1,1,0
0x55b434e4e5d27cd60946e79e1c7f50b3ca50d6e2,6,0,6,100
0x55dc5c2474c359f3e985fc8d02f839a33d304593,1,0,1,100
0x55fc5ec8b6ff3d660e74d97fab030dd27619a8ce,3,0,3,100
0x562ed81e568d860d2b7ce395a6ae364398e2a100,6,0,6,100
0x568382dcfff1205906934e2c41d9b04a38eaf9b7,1,0,1,100
0x56c7cf91eb7b4ab0f39ef46d4e8b4b44d49e9474,1,0,1,100
0x5708df8c01d2bcec22dfa66c501e27c197ba2470,8,0,8,100
0x5721b5085768b0848ddcdb59facb43ca28b8098b,2,0,2,100
0x5729aad3eba24e48ccae8fef1563d65de55d63d2,7,0,7,100
0x573ba15a705d7e1510f1b8aa52167a86ad9bc444,2,0,2,100
0x5785530b6f0ea72b0dba474d55b43e1af1182cad,7,0,7,100
0x57a530710a4b9ad4a8728c6f2363db4aaaf91698,2,0,2,100
0x57e625c06900812ce1dd8fa56fb6dc111ef053d8,7,0,7,100
0x582b90dd9c01a341acd0b4ecf85ceaf0c15bc0ab,2,0,2,100
0x5863a2afdf344da52d3b5fcaa933fe4ec391430a,14,0,14,100
0x5875f93cf665afb7dff7bf5a2bd831c9495dba33,38,0,38,100
0x58852fcf11cc576f014039bc1a958ec0c5c7d74c,1,0,1,100
0x58d03bd59660a992973f821e1000d851cd9186ec,4,0,4,100
0x59459c6cd4611c667f8719ebe6f25f8a9b19e71a,2,0,2,100
0x597513370bc3864cde781d18fa4bef1a9448c3df,0,1,1,0
0x59e72ce54f31b1788306d4d28cba6b4d6cf0b5a3,2,0,2,100
0x59fbe8dc6849ab691e81350634b17c5dd57ae937,11,0,11,100
0x5a077f81e4df021431f25b12541ba233084380c2,5,0,5,100
0x5a16d7fe972fbb8ad0f76d8804d63a2ac4bcc0e9,0,1,1,0
0x5a17f73b1e50cc8fa355ead327f35d1ad09fb200,2,0,2,100
0x5a659a97dfbd423a8824d472c879135b7e6c2227,1,0,1,100
0x5a73879e85c9ca0fabc86d65efd2daeba6b1bc33,1,0,1,100
0x5a83cd9cd1481155d384e3dc1bf49c0900f6b0fb,10,0,10,100
0x5ac6f09664b0cf3930ccbd9690ffc2a61c8e231e,10,0,10,100
0x5aec521d35356b6f92e9771eef9bbeeed0567774,2,0,2,100
0x5b5452a7c4896114add3d5e3ef72849db458d83c,1,0,1,100
0x5b6593d49384f906c6db7b5e39bf7864e0540f3b,3,0,3,100
0x5b85988f0032ee818f911ec969dd9c649caa0a14,13,0,13,100
0x5bc4245b4a9ec682df832f813851badf29fa7d64,0,1,1,0
0x5c26f97daa3952125c89dfcea4cc657f3eb37894,2,0,2,100
0x5c6305f89f7d308ce0161aa520775621f347d238,2,0,2,100
0x5cad4eed8374f1f3962b915b71acd36f4927e1d1,7,0,7,100
0x5d06c65961476fc3d5d812e14b9a8dbf995c06f6,3,0,3,100
0x5d20e6c0db887b5c3281edfce5bb7677565e2b8f,7,0,7,100
0x5d9e8af2a89f095ac78f59b98588dc3e60a221cb,0,1,1,0
0x5d9fdfaacf5bc2e759fa210f6de3d7de5457b385,11,0,11,100
0x5dba80185e29d150ce2a45e5f59188c5ade282ee,1,0,1,100
0x5e9c49d9c95e79f853fd6cf8b6065b3995c9b10c,11,0,11,100
0x5e9eae65d330e32fc400909a97e8c83428149e7b,4,0,4,100
0x5eae1ad9b2ab0ac6d0725cdfa41816093a56717e,4,0,4,100
0x5eafddf4254973773ee4135458ff98cb93293b72,7,0,7,100
0x5ebeddad8467cbd5d71e199e1a84de713f38722a,0,0,0,0
0x5ec9e3b9a0d15107fe31a2130e1a1726fdaed763,2,0,2,100
0x5edae7594dc0e6998bf21721eda38c24fe200586,11,0,11,100
0x5ef22d551ca109f5cc7996502709065b39cdd23b,2,0,2,100
0x5f161ecf7ee44b65f709c741dab178c0a3de8115,4,0,4,100
0x5f2aa143b4cc3cb7c1caa41701d90b570d8a0d48,11,0,11,100
0x5f6a05fcc6e1d3e2d2e66b677d0c2b33bcffa8d7,1,0,1,100
0x5fa6d00733a3d3225fc5394d6fc6ea71eb9adea0,2,0,2,100
0x5fafec436b45a12ff430804a644e68cb012e5bd6,3,0,3,100
0x5fb93b8fb7087706b79ef5fe7c4815a7e3f25cb3,12,0,12,100
0x5fcb45a0a5debab4cf5d2d5043b35990abf61168,12,0,12,100
0x60103fda8d55544ab57eed66ea8befa15bebce13,1,0,1,100
0x6055f147aee9c8045e176ec8da013d5277322242,6,0,6,100
0x60cb85664081285f7817299b9aa0e0cb37e30bda,3,0,3,100
0x611fc05230503fcb2c5bb3a0cb89c3635f3b0fc3,25,0,25,100
0x6144cc6df15e6d40f90560a25e1ac3fab425dcd6,1,0,1,100
0x61469679253a8e7d88366561889410e6a7056d40,0,0,0,0
0x614f2265b9132db4de22b36af805e16890c94515,2,0,2,100
0x616b561c4d85e3b776b38c349ff62efcf8e25613,0,1,1,0
0x61763f12a7b553edf6653f3d001d64f5537aa67c,8,1,9,88
0x6188a3a49a2885a6a2e211e92c9b8e515de0a62d,0,1,1,0
0x61d2c2721e8819d0b9bd2c1df1e1cf6816ecb20b,1,0,1,100
0x61f7fdba74638d01c4f92a70673c6582ac96ce40,1,0,1,100
0x622003c651f894125b664bf7c40f2104188b11b1,1,0,1,100
0x62783a7595c638dece76a4ac95ed44c1522f51e5,2,0,2,100
0x62a128801786b326c28de5aead6c0a08ef06fa5f,1,0,1,100
0x62b23f0b03157f213b2be6b2dd49d70fce69b3a2,2,0,2,100
0x62c74d846a0ce47d7302b30eafeedd8db1637669,1,0,1,100
0x62d06a9f0ad6b2e0cca5472f06e982d00bdf306a,5,0,5,100
0x62fe34221738d55ad237d7256abdfbe2b175ad3f,5,0,5,100
0x630835fd5d3f5937d2585557ae5ad9f803ea687e,1,0,1,100
0x634ca892bcad5e946a0b4133e650bae5084cf124,2,0,2,100
0x6359b350ace096b5d9979161be666c93575c796f,2,0,2,100
0x63c6dad8b97c94bebd12b7678a21fc4f28d7d383,3,1,4,75
0x63cc0c8c1f0c3b4235eee5bb57e9ea78107e6606,8,0,8,100
0x63d3cbca3e5a41878385d32a155b3fd10b0c86f8,3,0,3,100
0x63e7a104bd5c9437a4eae0c76ea0dd4a654bf616,24,0,24,100
0x6457c90dd48086b08e22288d6521a251e02d2617,3,0,3,100
0x6475372b5207fcbc430a8fb98e5345a597236ad6,1,0,1,100
0x6520d7b99c8cd59a8873f32d902f6d8e406c6386,10,0,10,100
0x65247bca0ca7267af28817db94ba73d1ce39110e,5,1,6,83
0x65c0fb93d1fcdaf7315b6e53797e391679a3c687,1,0,1,100
0x6633de50830bfca7cd07766e4096a1f76064b638,3,0,3,100
0x6652aa325c7f114fb1d1f5540b52c89ed37f7b79,1,0,1,100
0x66a4e15595936474ed692b68d9e565373be28c74,1,0,1,100
0x66c6b36e83c53ab2eb7ca0d40eeeaad2a852f4fa,25,0,25,100
0x66d7e8e8b7aeb600ac40ef588582667eb7910df2,2,0,2,100
0x66e8594ad58165fb9de6eed6582eed898bda08aa,1,0,1,100
0x6735acd47fc9f2f1aafec30fa1b65ae9b0a850ee,1,0,1,100
0x679c3d812f69042671ab45bc1beb124299c870b2,4,0,4,100
0x67aeb2ee91c7234488ebaed9229d3a58246d9638,3,0,3,100
0x680166d83de22b058675b87fb952a8ece5decbdf,2,0,2,100
0x68342aad011fe0ccb578920dc5aed9c9a0986fd4,6,0,6,100
0x685f669bd66e2e42c19de9bfe7ca0f6e3ebcc9fa,0,3,3,0
0x68692d2d44e07522a532f371491e8c70138e4cda,1,0,1,100
0x687daca4e1e4909daec05936d98acae4641c899f,12,0,12,100
0x68c0c688f3a49ff5af0bb0164e6a50b9b0fad8e2,0,2,2,0
0x691df042e22170ba054e612f8d351d32a27f28d3,3,0,3,100
0x695a9499cc97642e559d9062ad1e5af5de26b94f,9,0,9,100
0x6966d860a6447aa5e2a77bbef707875737f6ea6e,3,0,3,100
0x697e51aaf4c5a9fb06df641e65779a905d961cfe,0,0,0,0
0x698cea4e68bb4e7e9e4526feeca5de401aabb7ba,11,0,11,100
0x69b8a24edc9053b3d007710e7b986df40a0bc7eb,9,0,9,100
0x69e69571d0d07edbede6c43849e8d877573ee6bf,3,0,3,100
0x6a3611183ed4c08d1ce0a83b781f2d88a4f949a8,4,0,4,100
0x6a6899b0d5cb32981ad24a0eb857a4f8870ed622,1,0,1,100
0x6a790eb9393b97dd841fc70f1aaf63d40fa5602b,10,0,10,100
0x6aa65066dd10e870239f37782bc44d7f7e8a4625,5,0,5,100
0x6b36a4bc82d2b87419ad2ccd1184ba2bc147fbab,2,0,2,100
0x6b6512abf3d357d64048e92fee9b1267d11ffb65,1,0,1,100
0x6b973021ec7b1b758c9078a95ee8c63ab7912579,3,0,3,100
0x6bb84c48a071e8169aad9fd94e8b748ac4ea3f05,18,0,18,100
0x6c0d41720036d5b3eac3042eba5ac272c105f4c4,1,0,1,100
0x6c72f6724849d90656797fa559f7f96dfd8eb94b,2,0,2,100
0x6cb6161913a1ac477da7cc890e54284839991136,0,0,0,0
0x6cf1161d8c8277949897d98370d88b5707b5eca1,4,0,4,100
0x6d19a4c9c5f79e365652c5bb0c4c0dc966aed585,1,0,1,100
0x6d408a8f57e17ad6169bc770be2505beb87975f0,5,0,5,100
0x6d6c4b2c1a89b87486b54faee0f383626611c221,1,0,1,100
0x6d796c27953793f783465bfbd57bd033d3cef2a3,4,0,4,100
0x6d8a144efca3e16c8e2adbcdac7ccf34164b0796,11,0,11,100
0x6df73e759825f0488fd7931fea8b331081add215,2,0,2,100
0x6e023a834d7c695666936a9b15f5bbdaafcdf6da,2,0,2,100
0x6e75ca1f6797ab332f6c3acfd4faa64a5ebd8eea,11,1,12,91
0x6e7d091c81aa830f382732026c098b55561fed33,1,0,1,100
0x6edf79ef071c0b42016c9ad1297e3742ed31482b,2,0,2,100
0x6ef4faebfeaaf6abf262a7d1813f6d3e6d57a8d6,1,0,1,100
0x6f4f344e23ca63932665c63a597356cab6c9ee47,1,0,1,100
0x6f5b679e376deea6b7a0b7d544f34400f8ec99d3,4,0,4,100
0x6f79439112f7664d167fe7e4b7932feed9bd4390,3,0,3,100
0x6f7c11b4ab93e0aa05e311fc6861c19e831867d1,23,0,23,100
0x6fc2a0ef268f5ec9e6931138948e2121fe9a9e69,6,0,6,100
0x6ff3bd56004ef5769db06f14f80f09f8e6c786ea,1,0,1,100
0x70b1707a58879715be03199fc773ba2d370eb2cd,5,0,5,100
0x70eb0bf3ea4880816235db1e77276dcaf0326283,3,0,3,100
0x7106806b1d3b003fc222bc7437f5a3611985d8fc,1,0,1,100
0x7109e65408f6e0bb2d7286ba4c5493e92043bea4,8,0,8,100
0x7133620e8928cb49d3a75629cc704f866502fd44,5,0,5,100
0x715085f660bed9b2fab3920293fff56875b7bc30,0,3,3,0
0x71816216269dda65a20a470e59f08fc1699562dc,2,0,2,100
0x718c0921aa01b75e40ed972f17152f4471d4a461,5,0,5,100
0x72014009f963291aaa3249ddf3905405c643bd6a,4,0,4,100
0x720ebc47d7821bfbfc0d1dcbbd65fe36e31d20fc,6,0,6,100
0x723ee94061436bc5db4cd8bdadee578d14648f95,8,0,8,100
0x7265217a42c7fc49a44adc1a20928c0b8c4d559d,1,0,1,100
0x728b783b07f586d73dfc8660b44d61858df2bf1c,1,0,1,100
0x72d97644fef4134187c31b34602a98e8669d112e,1,0,1,100
0x72fecb76a39536f6851cb53deae03e66cf3a8d4a,1,0,1,100
0x73413bb1ff8dc38d911a4bc6e11ef670c8bbc4de,228,0,228,100
0x739c20ca2f20bba1b4872e6b06159bf58e4c81ba,3,0,3,100
0x73f23e9ffe43d871b0ffb493b0a87a360cf11f41,22,0,22,100
0x74067477692b43f7cce5018c7eb0060820703d83,88,0,88,100
0x740ca71e0ec5af1ad8c8fc3f1d2445f65c48bccf,3,0,3,100
0x74111a56c2fa6515ab7926dbdd8c7d318aa0312c,1,0,1,100
0x744b39c846b1dbcf99d909c0d9b8609f927fbf75,9,0,9,100
0x7496b3eb2a23d5ee2f23a9b29c93e14f1873df52,0,0,0,0
0x74bcf40fea4d9ab534720a811dd8cd92fdebce0b,3,0,3,100
0x74dbcd50170d5b1e4bd40a4e054f5fd2ffd8c5ab,1,0,1,100
0x74edf611be0f0465772df60df9f9d7cf16989a18,2,0,2,100
0x74fedb2db59e85917104426d7e71deac9c4d706a,1,0,1,100
0x7512657bc0ff46a1f391594aec2f143318bc7bf5,2,0,2,100
0x7536542f351384543c9fd340a45e841881be3ee9,3,0,3,100
0x757798a86d89f6786cb5ba75f74086bdc6ab0166,1,0,1,100
0x7584b4c1dd3f664eb20fbae3f93b854c05b04758,4,0,4,100
0x75dfb218a7f5818322ce549d5adb7e6825dd8fb9,3,0,3,100
0x765d9c485bebb431872ea51d000a20623c1e5b94,6,0,6,100
0x76774a6bf17c93f855493e2e5d5e9291047c3dcc,3,0,3,100
0x768e3b10ebbfa2d72f055b3c982e0ca1a7069363,3,0,3,100
0x76a907768663f30d39e2cdbc6c4344cd8d557398,1,0,1,100
0x76d3a59fa959845381276786a9245c5f6284caa9,2,0,2,100
0x7705ccfc1e1aaf09d24070f17e6eb64629e0f361,1,0,1,100
0x77099c0d360d7106f0f75fae33cf7cd0a49a832d,0,0,0,0
0x77d352647bd6054ce541ee9c08f2830cf31b878f,6,0,6,100
0x77e125d23e6c0d081086f0d849b4350ea6206a8c,12,0,12,100
0x780d956697b6234e7bbebf931808574339266df3,2,0,2,100
0x7853b892733e581f93729f131b8c95ea61454841,9,0,9,100
0x78926dcc712df4dcbdfe6119e002a6470703fb5e,6,0,6,100
0x78f8c43963ac962153501b1c30cb9ef421e8b92c,3,0,3,100
0x78fe7f7ce97856ea86b6f09ad381bab11fda24c6,14,0,14,100
0x79069c2da789433942b8fc33af16adc73a9a1c00,0,1,1,0
0x792ed4630cf06d22ee705d82c9b60f5ca95b0e99,3,0,3,100
0x793e48857f3ccdfe5cf3c504b6dfc7e8dab5b0e1,4,0,4,100
0x79460c048d72cfa52296dfeda5131a81524ed4b1,1,0,1,100
0x798f3034b3350c85b63332f4a4773a599307c63a,13,0,13,100
0x79a0fee4682996fcbd9638ee6b8d7a2194990571,1,1,2,50
0x79a741e4a87acc2daf8549f8d54b855c0f276e45,3,0,3,100
0x79b3361cb2948fa27f84cd41ac81e0ce0f70176a,2,0,2,100
0x79fe7b208422b97a83abf30149070bfd7b096160,2,0,2,100
0x7a0567a7d5a27e0a118c1f750434d90caa5a5445,1,0,1,100
0x7a1bee1cb4e23f4766c0ae600a8e5b1b02f96ccf,1,0,1,100
0x7a27eab6f0f056210e7145b70bf4954b5e5586d6,2,0,2,100
0x7a4ba3489ca5b28f33800e1f95780686495c99cd,3,0,3,100
0x7a56dd7fe45d326393148b42147709f5d44a6121,2,0,2,100
0x7ac0851af72b37ee4e0babef485382437fb96056,7,0,7,100
0x7ac95248bf886fd20db4019a98b607bba284a466,13,0,13,100
0x7af46522bb66db6eb4e38af4574020ec6e05c10b,1,0,1,100
0x7af6086ffd4a55c9036673e7f0cddd1dd647221c,1,0,1,100
0x7b2ad6af37be6a77c95556d9453e4877b6a8437d,14,0,14,100
0x7b7b77693dd8fa5f0f3d1e1e290f049adf2d4773,2,0,2,100
0x7ba991dd5c054f4d6514b00cb3822f6df2499a6c,1,0,1,100
0x7c23b1174d22d18964f80e0cc1b77dbb02582d06,1,0,1,100
0x7c5d520690f63483b0b8bb91c933cd16cb350e5d,1,0,1,100
0x7c781499fe15fc0cfd31534173ba3c4ef2ab242c,1,0,1,100
0x7ca7db1299e7da45abb55d274a18ec6ea53d66b8,3,0,3,100
0x7ce264e84f9d810009759e87cc3c85fb2a51a286,1,0,1,100
0x7ce5039a2383ba2cdf57df1a8bd353e021c37492,0,1,1,0
0x7ce6ee3207074a565bf4e89f26392405c2f21418,15,0,15,100
0x7d38bc797828b929039f116ed2448356455f748c,4,0,4,100
0x7da02e5a5dfb3312a2b8487a04cb6b062923618a,4,0,4,100
0x7da3bf2a60727b861aee226a9c044675078a3699,23,0,23,100
0x7e2dd844e1e5a67d2dc492dc0e33b9a50252c866,15,0,15,100
0x7e52b397adb92d1e0d6c0e42dd67529a7bb3637d,1,0,1,100
0x7e596b141b1b8a14346fd73f873bd28b4fb1660a,4,0,4,100
0x7e6d4810ea233d7588e3675d704571e29c4bcbba,1,0,1,100
0x7e6f6c2af1be8d840f12a7d0710ec173a4706ebe,11,0,11,100
0x7e9ea305b9a2df7f49ec9bb3a9ecaeca577220c8,7,0,7,100
0x7f0b21e3194ebbc0020de093066fc7621c4854c9,1,0,1,100
0x7f42c69f5a4be0932a1af327f2df6b6990dbac2b,1,0,1,100
0x7f43d39cc8df7c268c5375cbd9968863b2b82530,1,0,1,100
0x7f44bbcad722efd365ded12a88478f48c0026c0c,1,0,1,100
0x7f6b25f635d4b672296591b5a14f96a2609ef468,4,0,4,100
0x7fa01795bb0b15138622b2e3157e7cc861aa51be,26,0,26,100
0x7fba34e5b264c95f9a8fa8101ca1a8e49dcbce55,4,0,4,100
0x7fc5f95b4ebc39855bbff6135bbcdd6bcf754e7a,1,0,1,100
0x7fe5b2a71390b3213c9b8cb68ba03d0bfe7f878e,2,0,2,100
0x80027f0fc5f1710b9e8d51b917e00469f3b6c222,1,0,1,100
0x8004f4a1aa38850ea1753292e156a3716cee61b1,5,0,5,100
0x805b1a753a13f3a8106bce41ecdad89842a4f4d4,1,0,1,100
0x80780194a830df4ead5541db3a410d592a0094a6,2,0,2,100
0x809e7de373abce35372584f8739deb644985f1f8,0,2,2,0
0x815462a6cf28c23049c875752eb22ff8971f1fcc,4,0,4,100
0x815612815d7fb01b1e8a97fe4a0996e77245a3aa,28,0,28,100
0x829a2eab39abb84c1e0aa621736a14443b5c5075,2,0,2,100
0x82bd4da326cb881db1f398f0b5e1f2ea750a8435,0,0,0,0
0x8310d0ea5da5a94e0adec01f9ba5c0d6d81e7359,2,0,2,100
0x834f278ff43a2d6421d5bba843ed43248a2a84fa,1,0,1,100
0x83536702948ab25fa43540cd5744fff8ffe9112d,2,0,2,100
0x835649a4ad9c806405b03e39bfcd02d6e81b408f,14,0,14,100
0x836da1e3b5dea30229b87d8b261f3c24cac7a2bd,1,0,1,100
0x837c68f834170eaed28547b0a46ecbb923987127,4,0,4,100
0x838311da0d257b3dd6454b6f58f7102b2506dbe8,0,0,0,0
0x83944fa47159bf3f95dc5498044bc50e52b3b2f6,2,0,2,100
0x83acd3ba8ef0aadbeca0409b2486440c35892db4,1,0,1,100
0x83e6dcf505039b7b04347cece77b6cae9a38a952,2,0,2,100
0x8439619399ebfad1f447c41d7ab3ae45a81f6986,15,0,15,100
0x84411e36f57516f3b359d9afbcada418f07bbccc,3,0,3,100
0x8454e1ee9a5324a291516b95364a929d723b2308,0,0,0,0
0x845f3a4e5d3c5bb17037f96d510026e6c3bc8548,4,0,4,100
0x846c13feb4b4e71772905e0a51b10fbf640f555b,2,0,2,100
0x848c72660955bd9c360298bc3f0932f0a9d409a4,6,0,6,100
0x84be823a8cf733f44ec857ad7ed36c1538fbb90d,2,0,2,100
0x84c3b4de853f2163bcb8a94f97249f530d0eb81c,2,0,2,100
0x84c8f911d00fe45daae9416c3a049febdc81c9c2,1,0,1,100
0x851b505716d6ba7ec1cf208a003d412de84c8dc2,6,0,6,100
0x853dae292c8bd5d422a3569517e1fd6d4cad21d1,1,0,1,100
0x857202afda9dc6802554aea1b37e01b9f897f9aa,1,0,1,100
0x85caba8f5e6a1bdb98fec8542d70c7175ceb5f38,0,1,1,0
0x85e41d90d865101bf78567446e2e24ecd9389349,3,0,3,100
0x864b73589657d9d99aa3dfdfff6dbf8cc221efc1,20,0,20,100
0x8663381606edfc0f2d5136f7e763b91a6d76ed22,22,0,22,100
0x868255d70a046207bfe85b4650b932c69a10eda3,2,0,2,100
0x8683a90e9fe51af9e452437f14fed9241be9413e,3,0,3,100
0x86b8a239ccfcd9a0fed482297ae7751bfdc09f9b,1,0,1,100
0x86baaabf954b3cc0defde4bd729041167dc0cad3,0,1,1,0
0x86d3a843259cbba57ee3ec7f84ddd9508872c152,5,0,5,100
0x86d94a6dc215991127c36f9420f30c44b5d8cbad,3,0,3,100
0x86f02d36880b221c1efdca6d5436eb6235eb22df,6,0,6,100
0x87009fcd96e706e54ba798da1ecbe7697714a3ed,8,0,8,100
0x870ba3908a00c252a128ac3a88d459630bfe4211,22,0,22,100
0x8713f064749374e5a7ffaa789fdc9cc93179b58a,2,0,2,100
0x8725d2f563daadc02f6eb87d789f6f6360ce411d,1,0,1,100
0x877126425de7c3f93ea51f9523c67fa95620669b,0,1,1,0
0x877927667bb9373597352bfe064b7aa53f4c2278,5,0,5,100
0x87b3fb5ab326b2fed7b41d34467f1cf1301efc70,1,0,1,100
0x87d68876cda6184378efcccbfc3b299857f884b4,1,0,1,100
0x87e7b959b2f875aec276d5f57a64ead54ec746c4,2,0,2,100
0x88015d4356bd13eebd6685be6b41707ab1ea3971,0,0,0,0
0x88ff1d63e75cf98ab6a38ab457fad3f125f3b40e,3,0,3,100
0x8906c6b2ba5d8663168bf5a8cf685164ad1bfe77,0,1,1,0
0x890e26cf538ae98612b7bd407f160d1ec1f2a7df,0,0,0,0
0x89210ffafdfbcd181ec27621ba2a7dfc36b92fa4,6,0,6,100
0x8993801b6afc20cfeb9d2c0a354e154cd1d79d80,6,0,6,100
0x8a31f0d3f9f33edbcbd932fdd6e7635d001a602e,1,0,1,100
0x8a44c7abece907c5584eb9cb446355039f981645,1,0,1,100
0x8a875547047976ba24e7f35a495e2077a9d34962,4,0,4,100
0x8a95beb7f2360525a9ce3cbd61a1c9011c31bf85,1,0,1,100
0x8aa0e7361efef0b0417d5c61e3df5b4385c331fa,4,0,4,100
0x8aa1624c4072cfcca97d26966734d219e101efb4,2,0,2,100
0x8ad1e318e26cb42d39d323fc9597b77578b95baf,5,0,5,100
0x8b3f14f0582fbf275be87d265c931b4dfd5f13b7,7,0,7,100
0x8b6fb706564573edebbc662b817939ef785659d5,2,0,2,100
0x8b7ed9e96b7a0455c8dfa0ca03cdb34e38887b07,0,0,0,0
0x8b8fac8e98d668ac45106a7e2e81a7eabd080fcc,3,0,3,100
0x8c5d056d09fbdeae6ba72cfc9104165526901f77,7,0,7,100
0x8c6d049e99b2a9aeb785e28732913e595d756caa,1,0,1,100
0x8ca97af2d19b181ad9cb5a52b6aeb5e94d5e6540,0,3,3,0
0x8cc697dd1ac5de045bd6022552574877b71c8581,3,0,3,100
0x8cf3412f3f4b5452d1eb9dcb92b5ecbb60d9b0e7,0,1,1,0
0x8d452c1f4bae385b13933c83ecff70d74229915f,1,0,1,100
0x8d571892fec15814274095f3f6a650cd0b571bfd,1,0,1,100
0x8d5ba2b764356ddc9997fed94dcf83367e8a10a2,2,0,2,100
0x8d62c1f9a0b8ffcfb8927b5c6cbe3971a666cae2,9,0,9,100
0x8d63f74f99f150568fb5b51d5c00779779555d35,4,0,4,100
0x8da02d597a2616e9ec0c82b2b8366b00d69da29a,1,0,1,100
0x8dbbfaf5117f9a53ec1e78457367162b26d133a2,1,0,1,100
0x8deaa64dd47f766b561a4ca767a2974ffc56f4ce,5,0,5,100
0x8e05ad0f09ddf1e040ebe365e0e54394295b351c,0,1,1,0
0x8e35b5f18bbc0f609c50de1373d24e63cdad45bf,1,0,1,100
0x8e9079324b614dca7db8aa77aaf9d583e1643ed8,26,0,26,100
0x8ed9fd3c60d4deb26d0484013c69b4177864a03f,2,0,2,100
0x8edba21b5e8e6f2168c372d84a878afdb2d9b8b4,2,0,2,100
0x8f08505b5d58402b1b473984d49ec51ebab59ebd,1,0,1,100
0x8f89dfab75ea709ac704389c36228fccfae37ef8,3,0,3,100
0x8fc87c199203332c1cc43430b9fad2b1868e44d0,5,0,5,100
0x8fc96fa5c92303ae1c50f412e2bbf2002b9d4a9f,22,0,22,100
0x901b676e27fa9ced94dcea48f73c97780b908311,5,0,5,100
0x904679dda68988c51c4024d1c96acc849dd1920d,2,0,2,100
0x906835a7441c935919db4419dea1a0306e521f22,8,0,8,100
0x909233804da568a3db1d803cd36680242835d5db,1,0,1,100
0x90b75f6e82bcb3b3c2b2d30c63b00184d0529a1c,1,0,1,100
0x90ca05c876f48a9ca51fe0e81e3181c91a3ae260,4,0,4,100
0x90ec0f6d7a50ad21bcfe078380fe356e41a8bb91,31,0,31,100
0x90eef7048038f502cbfe6809bd34c2004dcce30f,0,2,2,0
0x9129467274790d1edc42ece76453e37f138a5339,2,0,2,100
0x914308800224efa32cc538bf5d3ba05cfa6a1c1a,30,0,30,100
0x91942c70c205df9dc4aa2472900a9b055cdfe02f,1,0,1,100
0x91d2af6e19a66dacf25429e0dee1465c31318e9c,0,2,2,0
0x9200745cd0af92ef09e38a30446f07056d76c2a1,1,0,1,100
0x927940b4fe41d9fe519f9580a29a351e57203dc7,4,0,4,100
0x9287845b44825a82c882de7763b953a59a5a525a,0,3,3,0
0x92c18eb64f06dca445f5e393d5a31a9fddcff58b,1,0,1,100
0x92cdb5e72bf667613e3698f42b19b1a49bc34b54,1,0,1,100
0x92faf283ff5bca05673411091d922a054a959900,9,0,9,100
0x93468e25effe762ea6b4f3089e00a078f50f24f1,5,0,5,100
0x942df52ff7b935cf5301d8a831f9187149f9267d,14,0,14,100
0x9458c54a975e7d61c9fb7103553692a590c28e08,11,0,11,100
0x946d47ceb29058d1e11578fc0cb41d924c03584d,0,0,0,0
0x94813404773ecaf70be3c245e4fcd1dcd69a839e,1,0,1,100
0x94d667bd781ca6cbd8891bef543dd0181943579b,1,0,1,100
0x94db8a3d46924ce27f276b472b0db50507d29a25,1,0,1,100
0x94dc28c91c57dfeb40f4f2098bd465679789104c,1,0,1,100
0x9530bb20408be340e2628e9ac1b1dc82f1098a59,3,0,3,100
0x9556a20e0bfc85a3789bcd7e66b41b70adf522e9,9,0,9,100
0x956f1ce3ff2ea59a8b41df83ce9f85ed59d73f92,0,0,0,0
0x959edd3b0cda42a8b5b36e0b9bd50454d999ec64,2,0,2,100
0x95a2b91bb3a496f5e5e318af48b7072ac612a9b3,0,0,0,0
0x95f838da1873cae9079f07a9daa1600cff532be3,2,0,2,100
0x963d5807d31af397b651a116a54f1c883ee046c5,1,0,1,100
0x9655e0c58d307cb20ae66763d420e1c4299b4ab8,7,0,7,100
0x96b1f9e7b7953001733e8bbd862f9e8ae8a8a1fc,4,0,4,100
0x96c7fcc0d3426714bf62c4b508a0fbadb7a9b692,4,0,4,100
0x96cc27359328923ce75a08addca4da0083c76dda,1,0,1,100
0x96d1ca2094d1a7a0de8eb9e80ca1f5fc0d519aee,4,0,4,100
0x974d19f69485537a851e7fa2b33cfaf9d3c0a232,2,0,2,100
0x977bc167f889dcd7a6ece301c92a059de7b1772c,1,0,1,100
0x98032dd49df42c28fedbe4918eae94925c79db14,5,0,5,100
0x9819bec724ca442231c2a143da8a28e4e3de18df,3,0,3,100
0x9821888988289d6cb3c403223b2f922e59b3239a,1,0,1,100
0x986447e615833ea9086f53ac6ee17dd4f91ba5f4,15,0,15,100
0x986f5cb57183377199bc5f99c1bd3be8ada832ec,28,0,28,100
0x9897346840995de8592b8198119d5868e729d6dd,1,0,1,100
0x989880fdb3a3ac42dc407d843131fb45f66f276d,1,0,1,100
0x98d29d96b05c47bd32062298f3f18ef758427304,3,0,3,100
0x99357ee2b0d4cb6abd013663021c975ab387c937,1,0,1,100
0x99559af00d2f43ce773b84316cce6f47c908f076,4,0,4,100
0x9964a55d3fe04f7ea57f978e243d7eb22fc8878e,3,0,3,100
0x99710eeada6dac635407c9c4a741be1096e46558,0,0,0,0
0x9991d19bb5f1a9f16dad2d18ae6bcc5326711c5b,1,0,1,100
0x99b9403097122eb407b1760b4a274a8a5d2f3a07,0,1,1,0
0x9a230f39dfb903a56fb05ae4dd0633f0c982bf2a,2,0,2,100
0x9a4dccf4bd0dd8a818462ffd90a98c2538e4c07e,8,0,8,100
0x9a9a332cc0601216f0177c37a5a74e457feb86d8,11,0,11,100
0x9ab3945eb5b4c5105269766e438347623d11b6bb,1,0,1,100
0x9aca3a22c89591dce5672075197d7b1337fdd00c,1,0,1,100
0x9b18e1327f88989d45641fbd5dd9f4f6845ea356,1,0,1,100
0x9b5a62f0d1ecaf358dc605b280725dcb4823636d,1,0,1,100
0x9b7fa79317a864c54b0bdf852a932613f8540f3f,8,0,8,100
0x9b902f8c7c817f2297de1f52b49c044c14ba2039,0,0,0,0
0x9b9f171744656837f5fda55f05d9a0deae353c13,1,0,1,100
0x9bbc4b0f8d1a497ab97d021db3a4ced0006c448e,3,0,3,100
0x9bd50dc63d3b247814ae7027a7f9faf948237ea3,1,2,3,33
0x9be2d8918a8a8b4bef6602b6a3b7e1d118e24455,1,0,1,100
0x9be8302d10dfb2f756a3f60e6d25e527d7787259,4,0,4,100
0x9bea3c5b20c8d4e2a07caa6a1df77d7c37f481db,7,0,7,100
0x9bf9a01a7dbae7d8d2e4e885b6041887ea16b386,3,0,3,100
0x9bfedb06fcf0f58a15b97ca8af0c471792074c40,0,5,5,0
0x9c20c7db524ed307af3c018844204d7b4af9b37e,1,0,1,100
0x9c4ceeab258793e6145acde09ca311b565b824f1,3,0,3,100
0x9c948c1ed3ccf44d1eea70519b2dec2ac9878bf9,9,0,9,100
0x9cc74f47f94c6186233dd524a2b93310f21d02f8,28,0,28,100
0x9ccf9ce9d2b494cdb614c57aa71d846d355683a1,3,0,3,100
0x9d5e80912cf2b11e3feaa727a6b5919975ab8989,7,0,7,100
0x9d80eed91b62e4e11c6d5da323abf732a0247511,6,0,6,100
0x9d82351886642ecdfedcbfe1a9441704cb7eb1c4,4,0,4,100
0x9d86a7f15c668ad1511b0fab20bc8d7448108ba8,7,0,7,100
0x9d9a214d1e4c4a2dee7cb65ca74c016c50a80810,2,0,2,100
0x9dd137acc05ac10fad444d3ca356bbf57e49ed98,2,0,2,100
0x9df56d9f37a338a4697abd01d4ac13b81a3325e0,40,0,40,100
0x9e8e5d07039dd7541ad86319a137ac7a886a46f0,3,0,3,100
0x9ea0d8b69b2ba90975cc6d59a92d69d55c7edb5f,2,0,2,100
0x9ecad9d9d3ed0938cc3b84732d3ffa8ece3a87c8,0,0,0,0
0x9f50183812bf7dad0967e6cb42aa041919c13026,1,0,1,100
0x9f5035913c97fde2d9af3ef514b15c3833de0249,4,0,4,100
0x9fadef2323461963a833cec4507bea002f86e417,3,0,3,100
0x9ff74d6d351d178927d982e3d037ef3eed1ae8e4,3,0,3,100
0xa02e3a41a6fb3bf5834b2417cb9217008329f5bf,15,0,15,100
0xa04fb6d2b178ab728ac22f2b07b40cfcb1e075fd,5,0,5,100
0xa055cd7a19764625f1185468c50b5cd993d1df02,11,0,11,100
0xa0800a288d3d589f4c62b70543bf8275084990e5,2,0,2,100
0xa0e8b97f25499841b4a5a8536a0fae02e734fbe9,30,0,30,100
0xa1034444ebf078546a5a3bb796b85730278416d0,1,0,1,100
0xa14a0dc1be1948442aa4e250d73140fef472e919,3,0,3,100
0xa18538908eee2f34f248df1ce83e4697677ed586,5,0,5,100
0xa1c0c0ff6eaa63e7b0c7bf441fc146afdb08fc7b,10,0,10,100
0xa1c23a4d232dc6268038f273299d463787bde8c3,6,0,6,100
0xa1f0edcac53df9f02a22d0f46c0d4e3a6c26d05d,3,0,3,100
0xa2163b6c212db70066eaf921d066d7bea26bb687,7,0,7,100
0xa218d0c6c3e1df6db492892a9fba0052378dc2ba,2,1,3,66
0xa23f2c13baf7426f3f2e90203983c2c8e52c40b8,24,0,24,100
0xa2672e525c07592f7bda6b4d7dbfcd8d7d17820d,0,1,1,0
0xa29ec4f89f90e87fc6c8721b396df2fe7598ad74,0,2,2,0
0xa2dcb52f5cf34a84a2ebfb7d937f7051ae4c697b,2,0,2,100
0xa2dfeafe3d732c3ee2a331c4bd70f5b08c0bd8af,2,0,2,100
0xa2f4dc54ed75bd7854d7e64762d84a55f0520767,11,0,11,100
0xa2ff3e1070bbede9e631b98a79f4996babe3c395,1,0,1,100
0xa31952e6b3edee58d5304816fa0d7e3cafa3149a,6,0,6,100
0xa362ce1c99966a0438bdb7c6659739cdd383aa52,0,2,2,0
0xa3bb19647fb2bbcff1b288c90328bcced05ac261,8,0,8,100
0xa3efc6fb6b56e41dcdbdc62687608d82d42f49f7,0,0,0,0
0xa42cc8097460445151b0019afb13efcf5e5a6294,3,0,3,100
0xa4b949fb6b2979e383b753f7b086ee1a7adb552a,2,0,2,100
0xa4e2f15529b1d6fb410fad1a64262bb2ca809211,0,0,0,0
0xa5c4590b8739a0d3975fc1f8714bb9d9c0de7193,4,0,4,100
0xa5c72ec6047fb0d410ea04c87fd7bd27d4e249be,22,0,22,100
0xa5cb0648383b871de9d8c8a2f31bb985ec160187,2,0,2,100
0xa63b35ce71f725ce3e018b447c85b79c4e49b8a6,0,0,0,0
0xa6473cce13f11614745e6bf9cad704646616a9b8,1,0,1,100
0xa65b44e85db0c0a280d203a88af460c308c86842,6,0,6,100
0xa6e89943967d1ce71a990a3ff509160e7b1834e6,1,0,1,100
0xa6ed26749cb54591291b4550a82f15ff64ae98d9,3,0,3,100
0xa6f36851d0a4ee4a282a65f5ac0a9216a3f76a66,1,0,1,100
0xa728d8b4f2e992d50c4e71949c662afeed76d1e1,2,0,2,100
0xa752c906430c4b74c57f52da69e2eb3752b022be,1,0,1,100
0xa7707946aa6ce4c28176803738b9967b552bfa06,0,0,0,0
0xa7e10d7eeaf3e613c36627f50fa76846a655476f,8,0,8,100
0xa823ffbca8d11e49189311c082bf7bcd910688d2,2,0,2,100
0xa82d29147f04b37d224ee57efc5cf858a895d3e7,26,0,26,100
0xa830053811b83d5f7d9e091ed17ff090a03621e4,0,1,1,0
0xa883d6abb95c4cd8c356ed779791ad919b9be72d,1,0,1,100
0xa8a98a0190ea5cea671e004e909d933ec3c4eaf5,40,0,40,100
0xa8aad55c115a9213d790e11ad90a60f3540fee72,1,0,1,100
0xa8c176f58c0586448fabe68c63741eadce8d07bd,1,0,1,100
0xa8c33b94d38bc1e47ff0b0fd425ed2f329e4a146,2,0,2,100
0xa8c789a501eab5903d8685830a0bba4f096025f4,0,1,1,0
0xa8ed34926dabd131fa7dfe88b11d626f0bf6bf68,0,6,6,0
0xa94a9ba93506de2b198bdfa60fa5960241500512,18,0,18,100
0xa97578dd7ad20ba12d42cb4100616f7d3797a72f,8,0,8,100
0xa9aa2628496a960b2486e33c04aea5aad09dce22,1,0,1,100
0xa9dbc0699757ebc709afbc6121922a8a6c3483c7,10,0,10,100
0xaa7eec6b62d55db20381af6d8e83210daf59ca77,11,0,11,100
0xaa8c661653be0ab9fbab385b6ddffaa9bfa7f487,7,0,7,100
0xaa9a6eb9429c45a087d1c0eafb79159d927fe3ac,8,1,9,88
0xaac3ffcfedc369f597f2f318a5562b253545950f,15,0,15,100
0xab0cda4cc21207fd9433356afe9428b6fac8a8a5,2,0,2,100
0xab6ed0f5bbad67783997f28f68f7e6b4908689f5,1,0,1,100
0xabc6207e359f26286ef3832287c16f7973002a1a,13,0,13,100
0xabfbf2c78e84ac4e5f6bd907b70fc7f17cb2e30b,2,0,2,100
0xabfde18825d811e929f69144d19a131d6f4474cc,2,0,2,100
0xac10bb5a18d36b260fce7408755dec0c940000d2,2,0,2,100
0xac231ab8c32e3a1d87e6017b2c10c432898bfbbe,3,0,3,100
0xaca3f06100f998a89b52d785ba89a827fdf04085,0,1,1,0
0xad4489f64a8be791294116d3e99d2721c7f0a72a,3,0,3,100
0xad799d7228c4b5aaf8bd398d08f3d94ec3a081f4,2,0,2,100
0xadcc784e3d6c7c37521c30dbcd48502e83bc82d7,12,0,12,100
0xae0c5770969d6d2087d7c2c9026f08d242e53d35,3,0,3,100
0xae597035b5eba66133d1c0008332860a9459aee9,6,0,6,100
0xae67fcdd049e7be4d9f9786adc2a207982bb50c9,27,0,27,100
0xaeb62852f099fff498ce54d376755367e06bad7f,1,0,1,100
0xaed3d37b761bf61767208da1dbb3a971b9f13fb5,14,0,14,100
0xaed962710b76e0982b2146787cae55b9b531beba,31,0,31,100
0xaedb9467313fd2ae1bd090bbec59209732d901e9,1,0,1,100
0xaf6caad869a7d6521dc7a6099199758d09a758c6,3,0,3,100
0xaf7de28cc3c101ca2914de7f97e1ed91181fb24a,1,0,1,100
0xb066a5b94c4d1c7c06610d1628375e5e4b265de5,1,0,1,100
0xb0799d85fafc89c81c6c84f1c049769166d60627,1,0,1,100
0xb07abd7ebb87b58b687a42aafa0209b4df6ae049,1,0,1,100
0xb0974de2d0c3c5f0892d456d48335e0164574ba7,3,0,3,100
0xb0b6878e99ac654785bb84da074b2586cc8b9292,1,0,1,100
0xb10a7cdaa33e9f2b42ee13752d3d393463df26c2,2,0,2,100
0xb125db91153436c3a4beed734109ad1fdd189022,4,0,4,100
0xb12ea66530b95f9e1207ccfae51c899ebf91c6cf,0,2,2,0
0xb15b99660ee35b102f53f11dd4363542528e6ca6,0,1,1,0
0xb16d6dda8e6a9e93ded7d5c33e3fa5b589c1ebd7,7,0,7,100
0xb18f443ee956e165b42d2197d06bec3bbfc339be,1,0,1,100
0xb1cca38dbf0fd29e9fe5d8379f845a268ce41800,1,0,1,100
0xb1df5e6f8269fdf5f127d022f77c2af55ab6e252,161,1,162,99
0xb22a7c9bd86a428c09af3d7cf93683d23c944fbc,1,0,1,100
0xb2d934237a4444b107df8bf190a9cb34f52fa723,4,0,4,100
0xb2fc53f237cf2d72a8b7a6589bb72b9711552c90,63,0,63,100
0xb2fca525675b722cbf6681bb918d99d059287a34,3,0,3,100
0xb36c87779ca868344d620dcc28fa44f8e6188e1d,1,0,1,100
0xb37143f867698dbf9f411551f26a091df0fc3abe,14,0,14,100
0xb37d68cd51c6898288d5a985c7b54f6f6739b523,7,0,7,100
0xb38a7565afda59c4183e10772119c52a2323f266,2,0,2,100
0xb3bc915deda38b5f6f5551d7f5b11e1e6e4af52f,0,1,1,0
0xb4320318fe7d121fbbebb670acc24417c69e43ff,3,0,3,100
0xb43852c3904fb2315ff2d3b7d106bd5b2dd1e3fa,0,0,0,0
0xb439fe77e31cacde56402665c244d9ad6eec47f4,2,0,2,100
0xb48d9c93ec939a37ec038b5db961a2625b01f03c,1,0,1,100
0xb49d316d771b9dafb432bd854cc6869c565f6eb3,5,0,5,100
0xb521ba53dd76e6a503425d973464f6329213d2c6,3,0,3,100
0xb58b3e8b334ebfda6eb27f0c13974e058085f422,8,0,8,100
0xb59e46785d53a2029f985277041cecc3c4b905bf,1,0,1,100
0xb5b882bc92245398352c225d7375196f1dcd9815,3,0,3,100
0xb5c1b3e0f4606ed8637aafa7c3ad1087dfd40a6b,2,0,2,100
0xb62b934448917e0ca6a91d9b6fc63a0fd13151c2,13,0,13,100
0xb63c261890b5647aacbb8e8ddfbb635527d2213c,9,0,9,100
0xb64a7aea960f134d6081892f03726123a5a12e4e,2,0,2,100
0xb65f689d71030b7474cac7cdd731b86ea3b7a67b,1,0,1,100
0xb66f5fdbe89b5588789a3a3d1a3c63e050ad947d,5,0,5,100
0xb681cbfd6e66c4f385a76dd699b1f045aaae8423,1,0,1,100
0xb6b45439aa2fbc67bd51b680daaa85d3fb190a4b,4,0,4,100
0xb6bc85230571ac3d5f5a1a7908372b49840d23bd,0,2,2,0
0xb6bf5673a22a6f321acdc7c486c274d155c3bd5f,4,0,4,100
0xb6d470ab7871b8cfa8f2ff6a44c9c6e9ea2544df,11,0,11,100
0xb760bd106f186417a980757005df91644ec8b7a1,1,0,1,100
0xb77b40dc6e0163324a8b2ecef75d6e73faa5794a,3,0,3,100
0xb77f3a59e605cc487659c2816cf844635530846e,4,0,4,100
0xb78143e18c98286cd0b90a97bcdca3caf3c02da6,14,0,14,100
0xb7a1c6a5143b2d0efff58e6934b5117cb8781253,1,0,1,100
0xb7d96dea5588b85273868f056f118cb5e8a8ae93,1,0,1,100
0xb7df9a000ab1439bf1bce916109fa43b61220b44,15,0,15,100
0xb7e9a12c688963fe142c6fde173d0df02514a802,1,0,1,100
0xb7fba37747881799ff6babf08c1ce79c04ad148e,4,0,4,100
0xb80c2690379ecc0b4ac1e988a747d4180fce12f7,15,0,15,100
0xb83f97e471fac857f03064c54d77b96856b79288,2,0,2,100
0xb854e584370b3aeb017289e05af9256acfb9c153,4,0,4,100
0xb8a3e1ba7e20761f069a5e45374f3723d27b221c,5,0,5,100
0xb8e276a352a9b6baa2e680ab88a5aa14f542619f,5,0,5,100
0xb8ee04e5142e7e5cb9273a2da5cf7aea1dd9056e,3,0,3,100
0xb918e7abf0cb7a78b0d2a0750e887d72d349d037,0,2,2,0
0xb939375880d239d5dbf9b444be2361d41fac903d,2,0,2,100
0xb95baa9312b0e3bb11aab9dd189a8be697a30aad,2,0,2,100
0xb96dac9291b11b36f88b22f7e5a73c4737667b2b,2,0,2,100
0xb96fea8da2edfed1be957ad7154327a7e2c59de2,0,0,0,0
0xba00cf3a169108590020ce016c24a499fffaf69d,1,0,1,100
0xba0b0363d98998b911ac5969dc0124f93f0ab298,3,0,3,100
0xba1b75839a030732885fb97d2d85e997aa9238d8,11,0,11,100
0xba284f6737c625d8f70585cc73f75801b60d572a,3,0,3,100
0xba8119986457193a36d407f9f547dde25670cb65,5,0,5,100
0xbad73848c943d908c8ed748c54ab6cd5c90d4f79,2,0,2,100
0xbaf0333cd44b7abb69ab925060cf0892025a909b,1,0,1,100
0xbaf9d2890f1f920bcc178920ee64e09707e45548,10,0,10,100
0xbb1e1143e11dfb482178f1dbec41deff45841e37,2,0,2,100
0xbb3038ca46e21de389bf28b09ea093697384958a,4,0,4,100
0xbb7cc30722ee8460bbfdd5dc60eb214e9b67aaa3,1,0,1,100
0xbba6687ead6581b291c58e92c57b10f087c9a812,1,0,1,100
0xbbc0d207b0bd0729abe105ef979bc63e613e19c0,1,0,1,100
0xbbc9dbf01c54099a805e223006071f14dec4e5f3,16,0,16,100
0xbbf70de2c7d696a908ee3de8ceb02ac05184fa89,1,0,1,100
0xbc273efc16046e388e739046f43de281a547b04d,3,0,3,100
0xbc2e737a026770fb5e4bfaef9fbc045e4dad7720,1,0,1,100
0xbc34e23248062bcb6a0479306ea3522b7552de04,3,0,3,100
0xbc44f6e8c043574548a437f4952adc6f7a08ba14,7,0,7,100
0xbc61767e40153092ef21d76deb915e89cfdfc3c3,2,0,2,100
0xbc710cfc60d2fa3a213466fd393276cfe086efff,3,0,3,100
0xbcb491a4d74aecf01abe2f962a8310420928f2b1,1,0,1,100
0xbcf6de5f733294351f1fda7758da192f79ffdad2,4,0,4,100
0xbd101fffac618cc704f005315143dd63b445c5e7,22,0,22,100
0xbd54147b0fe4d5d1b092e757c05570c4353dc9aa,2,0,2,100
0xbd9c45731542e167c920f857b65319b203d8cf40,1,0,1,100
0xbda1825f4dd9b737e4719812f278f354433a6c4e,0,1,1,0
0xbdc8f897a960231cd076001684244c06ec09c23e,0,1,1,0
0xbde65738bedcb327a210f3b8b17db6a5f3e9384e,2,0,2,100
0xbe2b9aac336e192a8c346c1aba59a4ccf1458cf0,1,0,1,100
0xbe681d305f9ac149eaa565bebb4a125eeb06d7a0,1,0,1,100
0xbecb4ecc92883f463ea4a2464276b165757985f4,2,0,2,100
0xbef1fefe4bb6dda516e9af3a3f793d182cf053bc,6,0,6,100
0xbf4d0834ec11c74431398cfa5ebd17b1c55335e8,11,0,11,100
0xbfa0cc854b31031a608c10e3abc41b194dfc2c9a,18,0,18,100
0xbfc03a986f68ca87ec43e2c6582d69a4a123e5ed,4,0,4,100
0xbff3d58c5868cd5fbd8d732baebd811ddec834ab,1,0,1,100
0xbffe3b8cf8f92f139ba689d7f92b07000e880a5a,1,0,1,100
0xc00decf73b870a49c09a96f42447d5c6d092d7d9,3,0,3,100
0xc011a2fc732335a47d8b3ff14919eaae2793e44c,2,0,2,100
0xc04b7d464c724c8d4d5fe6067938cedab82afa12,3,0,3,100
0xc05189824bf36f2ad9d0f64a222c1c156df28da1,4,1,5,80
0xc058f776dd3e8f967a7747fb411e074832e2f9c6,1,0,1,100
0xc0a2a42eb3e1c5e068056325c2935236d6ba147b,6,0,6,100
0xc0c51f164f403b34040f276220249ad3832b7b0a,1,0,1,100
0xc0f2b7c0745de99298540907f6296b230f8bbabb,2,0,2,100
0xc13e5cf6418edb17b1780e1e8324e65544e79b17,6,0,6,100
0xc165bb61c9918a99fbd8efa95875ed0b96924f68,3,0,3,100
0xc19f2c021b6bab4c696d435965b1759b09bc27a7,2,0,2,100
0xc1f4e69dd9e5f6318375910a86d60979f7ba6441,8,0,8,100
0xc27006affa2bb48de0cf77ecf4cf9835640cf6f2,4,0,4,100
0xc2d98e3b33c7e869b2a7bece2aea82351b97a911,6,0,6,100
0xc348cb4d79c2181add492eead682f03cd6967a65,1,0,1,100
0xc36b0901d04bb69770ce21693e2ce40441d66fd6,1,0,1,100
0xc3cb190fd64b1adfa8ded3760dc05c491f89bc3c,1,0,1,100
0xc3eda01564a09c6c77e30ac0ba89dce00dd929ea,1,2,3,33
0xc3f257801d4d17f81e9f76d5fd3293311b0ef044,1,0,1,100
0xc400de3fce614adc8db640f2ea9942b53c6150fd,5,0,5,100
0xc403bd103959eaab1aeaa41538100aad7adbc8ab,0,1,1,0
0xc416b9a89cbb82731c7b643219abab9bdc01f2d6,2,0,2,100
0xc45056bece6a9f0f03f29fab5636832a5a4cff05,1,0,1,100
0xc461adc7dddcaecbb437d3cb7f51c99f8024b6a6,1,0,1,100
0xc4d4569f4dcd02d8ca9f3409977b74f4880b5f6c,19,0,19,100
0xc4f7866f6fc714c8729178623b8093f5a17eb8af,0,0,0,0
0xc5386ff5578e589774c1612e27c5bba813076ee4,1,0,1,100
0xc53de9c4d09bc37d24a07492f2cd21ac4b5f22e7,4,0,4,100
0xc56e357599de4418c3a33ad611130d2b2b36b19a,9,0,9,100
0xc5782f400ca376426e974ea45da3026f38d45896,2,0,2,100
0xc58009cd3e44d497bae87881b5a01a217676df6e,1,0,1,100
0xc5a2ce3a6c74704e9cdf48b1cfe23f60b17007fa,1,0,1,100
0xc5bccefe6ed9b5b9daa249c5299787b4c148c208,4,0,4,100
0xc5c2c20930166b1f721b37a6b57fd5d9947bac49,3,1,4,75
0xc6bace116f5b9e5bdbc8c03cefd96027927ffa5a,45,0,45,100
0xc6e09bdad36a65ca469b539f600589fb338e32ba,2,0,2,100
0xc70daf7356bc5f2ef6008e0faa7e076c47c6e7f3,21,0,21,100
0xc73da5668d34972fb210d3bb1fe7592e5716959e,5,0,5,100
0xc75fe9bab090a059af7f52b085288dfab2b5a6c7,3,0,3,100
0xc7abf54923030935ad8a628b7c87516e31c09cac,3,0,3,100
0xc7d452cc8693df566721d2d48dc7419c2d2d1940,3,0,3,100
0xc7e318811aac4e3975bf49d6a7c6fbc82d2305a7,15,0,15,100
0xc7f6a80311ee85f7b78fca69fbd7c098524cd27b,1,0,1,100
0xc80c7aceded9a7caee6c32a7e735863efd226dc4,6,0,6,100
0xc8c79111594783f16a6369f89a508488e4be0722,4,0,4,100
0xc8f260c43301ff61f05fb008532d71e74bafd371,5,0,5,100
0xc962c21c9f096e6ca9da5d32edc0fc6211887688,1,0,1,100
0xc96a829de6514e5170215ded00efe2045d5cec14,3,0,3,100
0xc977e7b16c33cf122302d5285247da09a460dda1,8,0,8,100
0xc9a61e9721647a474d7ec2f4a1608de955446759,1,0,1,100
0xc9cf84994e1dc2fd04bccbcda4b77e16702b047f,3,0,3,100
0xc9f203b4692c04ba7155ef71d8f5d42bfcfbc09b,5,0,5,100
0xca4f17f7db98e51057bf25c1a9e4033b2735eaac,0,1,1,0
0xcaa50a37411152539312bbe3168972b010583160,4,0,4,100
0xcaba789bf3130c89174a384b66a195a816b27723,27,0,27,100
0xcaf1e33c683b20d6592fc61b3fc9a3d90c7edb88,1,0,1,100
0xcb03605a37415fc32f1e2899e9f8492f61f82351,6,0,6,100
0xcb173615cd7914bc536a63d1172433d8ac056e7c,0,0,0,0
0xcb4ba553c4632aa9495b933e9763721e79b3bde0,4,0,4,100
0xcb64ee2d54249720450e9ecedbb2adb3b07874ce,2,0,2,100
0xcb6d20011ed3b97e57fa8f4589a239ae4cf94f7d,1,0,1,100
0xcb914e6465d01984efa583411e422edfeb9cb499,13,0,13,100
0xcbbfb8c8bfe5daa7960513681c8082a461ae5cbd,1,0,1,100
0xcbf06972ad4c32952d0485566c1ea0b4ecf11a0d,1,0,1,100
0xcc7842f66fa9a8ab6920854ec3db9517aad9bbce,6,0,6,100
0xcc836a3bdcbd6efd1d662e6dfeff41602563d98b,3,0,3,100
0xcc9a58a75a8ebc19b18e18662067f05443fe6c2b,1,0,1,100
0xccc1209e64c40a564e57e8ade22979872d270346,1,0,1,100
0xccc4bb9c69b3f59f8f5dd430679c5af8c32bf526,18,0,18,100
0xccd09cd8a24039220210872d961a78475cd29bb4,2,0,2,100
0xcd14fc2f9af26a420a25f81a450ac0f2509335b8,3,0,3,100
0xcd46605d27c9160b816bca72572fd26037d41429,4,0,4,100
0xcd68245d641be2902fa9efe921e4ff343a500a9b,2,0,2,100
0xcd71315c21bab6ece689c387ffb074696f2ec5a7,0,0,0,0
0xcdb6e2e26aef202f522559c95430db5c4a2a33bb,5,0,5,100
0xcdc1f76ef38a912bb05c8ad268fc02ccdac9d024,2,0,2,100
0xcdd961b0099bbdcf50b490eea4cf7d58a2a1fd95,4,0,4,100
0xcdf7f865d485e9139ac4da52618a85ac6222c118,2,0,2,100
0xce19349b9948b09619f7a5215fee4eca78562d99,17,3,20,85
0xced18824ffaa2b63ad1c54f177a4c92970c01c09,0,3,3,0
0xcee0c9022120a24c720516247c8118c7be175ae8,3,0,3,100
0xcee3fd4a7d752a881824b7c583eef1b69f2d02d7,7,0,7,100
0xcef37c72299adf1d569ef4a0ff6aabb93eaca4e2,1,0,1,100
0xcf0722f0f8d164529a1aaa4280057103daea8007,4,0,4,100
0xcf30fd1d6e803a343d8fe8f1dbf2968a1d37f4b5,4,0,4,100
0xcf7dcc42b26f633d7a0bba437c468abffa2b0e8c,1,0,1,100
0xcf8ea559da9ea57bb2ad227bb9a0ba21432466ae,3,0,3,100
0xcfd843269826cf550a5fe6be024d0fc4429af953,0,0,0,0
0xcffd5178c7feb482e7a128fef2f7b5aa0bc7aa6c,5,0,5,100
0xd04dc31a42c2b47abb84be174e2c0943ddb8edd1,2,0,2,100
0xd0529b53bae79ebf00e429dc74c897fc372f61de,5,0,5,100
0xd0708d14eb5c896024c47cb9e0b5920ecd0b8d7f,2,0,2,100
0xd09a9e564eafd17f608d444e958f9eabf4ab322b,5,0,5,100
0xd09fb8070299b88e3d0987f422776b79f56bb2fd,6,0,6,100
0xd0b2580057355e9a83b753cd2fbf8e3897ed4576,5,0,5,100
0xd0b342029c97f2a2e65ac660835354438ac64c2e,0,11,11,0
0xd0bea4159cf6466472eb1271908358943328112e,7,0,7,100
0xd0db2581a8d34313f0b2d69839170853c7061ec4,6,0,6,100
0xd0dc2f571e07d79043bae0b8f48442f86644a5a1,5,0,5,100
0xd0dfcd797119b3b2478a6633dfd1acc9cc111311,5,0,5,100
0xd116ec51ced0a7a49bea6555f90872752448d8bc,21,0,21,100
0xd1179b06af822a5137d341be5919f1dee4c20e99,0,0,0,0
0xd13003bc65aa783c18d83dbb4deaf3fc1d6b3a85,1,0,1,100
0xd170c102dd8ff7b5fe04b541bed573ccb29b67f9,10,0,10,100
0xd25be80aa19df2772e963d4d2c69220422a7c216,1,0,1,100
0xd27e9cb2549b5e967a8767c1780b19d0c15bca1b,3,0,3,100
0xd29db813eaa411f50f6e7f03de8913db077c47c9,0,2,2,0
0xd2b41b2209de76ed2b6224e9204248d055ee20c8,3,0,3,100
0xd3034bdc0b7b7168aae7f96f4dda646051635bc7,0,2,2,0
0xd3360e7b427f0658f40fa1bc9e0bfea873b69693,17,0,17,100
0xd342635d56643a723a03d279fccfa0f84f9405d4,3,0,3,100
0xd355d727e8b05a4dc6ab27cffff3b0dfdaf2f702,16,0,16,100
0xd39a27ad61af99a0ead4c599cfbf756f52cf5b59,2,0,2,100
0xd39d55a6ef2b8e778aa73fb6c287ad74500fc2ac,4,0,4,100
0xd3cf20128ca3f5a70911b5f465fda7b98f06bc3c,1,0,1,100
0xd429be74f6cc3115ba6be9b936a17ef22a32f59d,4,0,4,100
0xd44de67cb866f0df3e72856f418751e9304cc7a6,2,1,3,66
0xd48fc1d0e0463f810a17418a01ed26c5ccd4946c,1,0,1,100
0xd498cb337dcf158e0dcd7379b17581bb211055dc,12,0,12,100
0xd508153492f9bc15ff3348dd84ecaba3b3182810,1,0,1,100
0xd5612cc03ee7ad113d54bb959a111de7e4d3ba33,3,0,3,100
0xd5eaa7a18d77b9890afd750a96c6476682abeaf6,1,0,1,100
0xd62221bc0685874e504ed02c498bcf8f1ef27f4c,2,0,2,100
0xd63966252500b475fcc4737ad361400bf6acc26d,1,0,1,100
0xd650861995e4fc170899704f98a8163963f18010,11,0,11,100
0xd6b255f5a554a3b32e828be8d6062f2e33c831c1,1,0,1,100
0xd70150a7a5a42d4cd25974dae077a79a1547fcf2,19,0,19,100
0xd70a3883f0b851c90cf4662018006ce9aa50fba2,0,1,1,0
0xd720292056cc67c56c81b1660ab10c3ff1014f30,8,0,8,100
0xd739b3962642dd0354a40ebca5e223bf3868bd3c,10,0,10,100
0xd74239356ace46f4c930ebde89594630eced6e23,4,1,5,80
0xd7adf74d4ce376fbf90ceb980f0b070625e0f388,37,0,37,100
0xd7b78a82c00922eb00b3793fc798bbef26c1f618,1,0,1,100
0xd7ea93801a82c5608035411b96270d6dc21dccec,9,0,9,100
0xd81e2cb9394b399d6f08c69637adfea1e3634103,12,0,12,100
0xd82fe4ea02a7d26e448090524f204a4a1c8d2259,0,0,0,0
0xd857f3f93a5f3f7cc3280696342d4983097a3c32,1,0,1,100
0xd887a0f9e292336868426173e4dec3b174f74214,0,9,9,0
0xd8a5ec05d7266120f4a7bc12d15138cab94ab35b,0,0,0,0
0xd8e8d578e178e5c4cece7e158a64a9e2cbb8398a,1,0,1,100
0xd90d84f9f7c0bbd1e88f8338b168fa0ad7d935dc,0,8,8,0
0xd90dbe9117676b29c2e06fffc339b24a71051ed0,0,1,1,0
0xd92127901df1b4bd1e4512864dc306587b22c770,2,0,2,100
0xd9ad209297e3b73f1fa242322c72cb48f4745484,0,1,1,0
0xd9fe94c8a0a9159d52683074a63acbf5fff1e379,1,0,1,100
0xda1001ca55f0524688b7419201064ab7650defcd,4,0,4,100
0xda19a28efc5f4b410935099b676b4bc61f507fea,1,1,2,50
0xda19b3642de9c1764cffc7e60b140c0359b74d50,11,0,11,100
0xda2a2acdb2ee22ce276f9bbed943cc82350c4b94,4,0,4,100
0xda3fde8669aa5e143f1b5e05b5d90e273fb997e5,3,0,3,100
0xda7cfca98b95d7e36b977761def01fee0ebec9c5,2,0,2,100
0xda868675563726899c23d504127ceaadf06aba0b,2,0,2,100
0xdac30ea3b13110861de3f44121eedaffdee413dc,6,0,6,100
0xdac7a91516112703448b5d1fbc8b679fce838e8a,1,0,1,100
0xdaef4f083631febac8a7628e173ed1a77761bcbb,21,0,21,100
0xdb0015b3704eb75c0377c3f691a0a390608606c9,4,0,4,100
0xdb57039703e226cfd00dd17dc6ef63a94433a19d,0,1,1,0
0xdba34a99d3ed1352d9e7bd1649f971aa42b873ff,1,0,1,100
0xdbd6b15b6a72b5dc33abb5f537ac21ca4c77bdf7,1,0,1,100
0xdbdb628736fada7d799581105d53c8b636e7467e,0,1,1,0
0xdbe9a3735686c19652c58015b1b183a3272091ff,2,0,2,100
0xdc61b2b6918ea88a977d2f8701b029b25496ba97,4,0,4,100
0xdcc1823f3e799d54d229895755ba8953d6bf478f,2,0,2,100
0xdcd051d34b88d52cb9fefd8159434ee227990412,4,0,4,100
0xdcf68f3d0fe2d77e924d0709cb87476928a50007,6,0,6,100
0xdd0e245441eb89ea633a4111d51c7b50154c3262,10,0,10,100
0xdd180747645b3f09a3468a226c743ecd46af50e2,8,0,8,100
0xdd2cbb6d97464eb97912a7282fc529f8fd197632,1,0,1,100
0xdd5864a413b7ba1cd438e20ca7a14d0e68fc0bfe,1,0,1,100
0xde76a4adf9d6e085962ecdacc86033f20ac1d365,0,1,1,0
0xde853eed1790d8c954a9d2200d1179acb8a3a58a,408,0,408,100
0xdebae3a8b9da315b1bd9d1d606322c40554733e0,7,0,7,100
0xdf950d87d74328f76094cd2ba6e9adbc1cb796eb,2,0,2,100
0xdfb5396f06be50eaa745094ff51d272c292cc218,10,0,10,100
0xdfc53a9f5256adfb10396231c08bd773e4430d14,2,0,2,100
0xdfe9def041c0a05d3de86d24adaa8f9a31cd0118,5,0,5,100
0xe03502977494939fee6f6a346301d5cb86b956d2,5,0,5,100
0xe03d6003877b826b7dabd6e10802c30563c95bdc,0,0,0,0
0xe0878a84505a33e0bece816f8d70a0c635caef00,5,0,5,100
0xe0c605d64d23d58211c547ad63a9a2c3c06cd1be,14,0,14,100
0xe0f9ca15c2061c2a7ebe0dab3154ac1ca0f07696,4,0,4,100
0xe10ea7dee2ad5eebb0429f33494c830fd811e011,2,0,2,100
0xe111fda134ff7e5da80d77d6e2f9cd7ef2a0be57,2,0,2,100
0xe13822a389bf844cf3d3304ce869a292aac11f87,1,0,1,100
0xe1a5eb15a66390e14fa2f268fd9901127de8d5c4,0,6,6,0
0xe1adced8e6cb112a0a06a800d54719133c918698,10,0,10,100
0xe1e86ed23c76310ae36e79a5131b2c0fda37d9e2,1,0,1,100
0xe21ab71fb3bbeb78f1da91aa3b678fd46256dae6,1,0,1,100
0xe221546221c0f58c78458b1b16014dc88417c063,4,0,4,100
0xe221f2fb3833cf228cc32dff0241aa2a45695cd1,4,0,4,100
0xe293d3cbccdfdb55632415dd21a87da305a1f7f0,8,0,8,100
0xe2d705b529949141296ec534efc1d2856f833fee,5,0,5,100
0xe2f6297b21bdebd0d4dce1fedac0fd3daa1825c6,1,0,1,100
0xe2ff56d0d334fc1b68bca1799572cd4419591cfb,4,0,4,100
0xe35650051c940f1b64bfd00525801481d4905dae,1,0,1,100
0xe3766eab7bc76657fe0fdf4833db5a222aaad771,1,0,1,100
0xe377d75aa5ffaffd68f6ba852ce2d7e7de26ce3f,1,0,1,100
0xe386de6d4beac532939a9994431e61fc112bea02,1,0,1,100
0xe3933a68c04a685a6088b207e226482f23d13ca0,1,0,1,100
0xe3f1abd4fc3435c452b6267c407ec535800b52f0,1,0,1,100
0xe46e3412e699372f8e14dcf845b0fab7e0b74a5c,7,0,7,100
0xe4c10ca279fc9cfce47826c40d88ba32a29f853b,2,0,2,100
0xe51443496b9506d3811ae14691121eff7e41b08a,7,0,7,100
0xe58bebfb39ad59d0a6349bd7ec7bc98336cc0018,1,0,1,100
0xe597bdfd24184392ce77a14b0a86f4be10a865e3,20,0,20,100
0xe59ab7d5a0c31b6532457609350c22244765ac8c,2,0,2,100
0xe613b9f2dd4da5c99dc2aa7bc94f5552c35f7253,1,0,1,100
0xe61472f6d7f7fc10cb4c52b4978641ea6c75ed63,1,0,1,100
0xe61adec2a67f6d05b5f9038b8ebac2280274909f,0,0,0,0
0xe714efae85bd12a18c737534a4e0bb25db925d57,4,0,4,100
0xe71741d38297baca0926c2198016921b7ae013bc,7,0,7,100
0xe71f16bf41d65c35e09b209b6666faa9f8b6cd2b,7,0,7,100
0xe71f1a92c8156b0746e62f093ee7053411b26ddd,1,0,1,100
0xe75480d20f17c136e526a0d2fe3e5eec6b05550d,1,0,1,100
0xe76f219ab1ac1828cd3664ad7a4493f59fc5ecb5,0,1,1,0
0xe7833cf6ae9a898ded324ed2eae5ade2b26e3aee,1,0,1,100
0xe78ec945604f3fb25e1b04bdb87016c8e6cf3a77,1,0,1,100
0xe7b622e9a313e79a7b693485f0f5878740bc9249,0,0,0,0
0xe7ccac31019ce03444d55337a65fc03117be348d,8,0,8,100
0xe7d3993cd5798fa0d85dcc33bf8db835ed96ac0d,1,0,1,100
0xe85681e3c53d6f354d5294b51558c14545a74c1f,0,0,0,0
0xe8584d1552c0e68ef8fc580169456a8806a9ee5f,3,0,3,100
0xe867a9f69873d47faa720c391713b9d32a8523a3,2,0,2,100
0xe903fe4531e9dc5f7c5f2b3f5cd72c1c351a14d7,5,0,5,100
0xe9137a9c82f569c6bc24b4f4dd705d63171c2610,3,0,3,100
0xe94a565f58b1537909c223841f8fa80228a4398d,12,0,12,100
0xe972f302c8bf207f5f9c459df5ab9907724c3f31,0,5,5,0
0xe98275277cd0e400334db7268edde89592782693,65,1,66,98
0xe9b79b0edbf9d5bf3b164eb9d96fea98d9211098,3,0,3,100
0xea6f0dfd94b87ba819310e7a430167474d0c7c6b,2,0,2,100
0xea7c361c0e7c1893b9cc717f313942c87b5f388a,7,0,7,100
0xea8e2a86890d7f0b8316a77d5efd6fc2a6d56218,9,1,10,90
0xea9a9bcb97d9e0c12d1a95e9b92322836f164c5a,15,1,16,93
0xeadc374e6f8a5fcad0ca698d2ade1a669ab1b6d9,2,0,2,100
0xeadf4e988943544a74a8f75f63df58b9293b794b,3,0,3,100
0xeb23b8ac617a6a7bd816a32416855bc6957d2039,16,0,16,100
0xeb25a42da6ea3d96567304c35ee77bd39ed8aa4d,3,0,3,100
0xeb5a29438829de4332869d7695a18801533c1b2a,1,0,1,100
0xeb9502bc812c21e71d7119bf0167ab4545eeb779,1,0,1,100
0xeba7c21005589ac966e9f27d22390b002af6b306,20,0,20,100
0xebb5708c805b7f3caf210308a810fdb67bed4046,70,0,70,100
0xebd1b04caf3957d77dc0694063102d6188154307,1,0,1,100
0xec21352cc39162099e4a8a08d4ec7dd9de38aed0,0,0,0,0
0xec2531f8f9632a36fa324964036e3422879a63bd,2,23,25,8
0xec2cbe4609f2e8d82d511356346c422d49da423f,5,0,5,100
0xec430b3ab4172691fc7908ca77c903a90d07dbad,0,0,0,0
0xec443da6effd7f81be221aeb874abb2d7d5362ca,4,0,4,100
0xec7f46d88b7bbcdf69419d19099bd6394a3d8f95,3,0,3,100
0xec964b6c91abde8f583f744de48da87b9f43035e,4,0,4,100
0xecabaaf0764d5de2921cbac981a76cd58d1f99f8,3,0,3,100
0xecad36c8d409adaa4506e9e91d42059394c7a2ec,8,0,8,100
0xecd55317700732fcfe12c0a59aad90c4ace8722a,15,0,15,100
0xed81db364f5a15f96817b9b2e416edf01ca295c3,4,0,4,100
0xee1b719046f7dcc74f5d93041a4e9765a07338a0,0,2,2,0
0xee5e6db46a36a62639d285ca85f046aec9259771,15,0,15,100
0xee741fc3144e0e3bcb99ad46700b70a169699ffe,13,0,13,100
0xee7ad10fbf6bae8f53a7af42c78659a49ae3abdf,0,1,1,0
0xee8528080163c8a992692e5a7a7729acbd82e4ed,1,0,1,100
0xef009c0c814d21ddb518be2f6d95fce8dda66242,0,1,1,0
0xef3061a81564d8fe71ff88feaaf07a70f35015f1,8,0,8,100
0xef33089d15c86a7a12df7e416eeb125da99e44d3,1,0,1,100
0xef461b5eccc769ffb7d3eeff218fedf4e62c7c91,5,0,5,100
0xef609ab6fd2c7f403b64c435d1d80c85c71a658f,9,0,9,100
0xef69a8f673bc2385116f785d844789ed08bfbb5e,1,0,1,100
0xef6d872d7fea2bf5db5fc646eafd2cc9a6876c96,3,0,3,100
0xef83b13331dd79ecf1d39efd77462e094c698062,7,0,7,100
0xef903d012512b723d660f20c8c2f88f4b6b8c47e,4,0,4,100
0xef924b7f0cb4b5170c13e3aaad815e862b152a42,5,0,5,100
0xef9e56012a4f1cfade136f878672d08b6429b71e,1,0,1,100
0xefc963e6b8423faa918ee52f1f9ab4712293f800,3,0,3,100
0xf0074d056d005c0696e699ef5312111750835885,1,0,1,100
0xf007bd7a23a4909f9acf898ba1c6ac88d4e82a35,2,0,2,100
0xf01d9114b780154b08b1515d7fa2808fdb691495,2,0,2,100
0xf025066cb626bd6b3ff45231d31c26a1604b471b,1,0,1,100
0xf02a31a4e66e8872645c3daefd30897d2d9ed78a,3,0,3,100
0xf0352681bcdba8296b716d4ee085c27433fff690,1,0,1,100
0xf08f041892253402337211d9b37649a7af1fde8b,0,2,2,0
0xf09e7eb89e73c8eea8ba12950ca0cdf0db2cc2ab,18,0,18,100
0xf0a960597f499fbf04a182b1ef98ef5d10c0424a,2,0,2,100
0xf0ca14affa446ff2443ec6e6986232631c7d7595,0,0,0,0
0xf0d3a8021b63469e7ee7726e61831b142fe655b0,8,6,14,57
0xf0d9bbf11790c2dc45eb70405bb31c836b1da0a1,0,1,1,0
0xf0f225e01cf084d3c246ad595ab60d0d4f5b4c78,4,0,4,100
0xf1238ad65908fe71f818fca7c2832551027fe90c,3,0,3,100
0xf12dcfaf68684b7205b212f5b94b4d7017cd75e8,2,0,2,100
0xf19a9c755564e8f22179f4dae665a4ab9d454f13,1,0,1,100
0xf2439241881964006369c0e2377d45f3740f48a0,2,0,2,100
0xf251efb1d2f28204b2cd77ff30e9dc7564adfafd,3,0,3,100
0xf2bdde2377c058a0425f954ecfe467a497046d9c,0,1,1,0
0xf2ce6990e7358b615baede924dc2de775ebdbfe0,2,0,2,100
0xf3601839e415160f86fbe0540c5868fc4ace715b,4,0,4,100
0xf41399aac0d78cc955108e12916204d90faff875,117,0,117,100
0xf43224b0f14a5cb562bbdc49593bea122a3c4abf,1,0,1,100
0xf439806e0cd051c9c68cf3f8738eaa0f02900e88,5,0,5,100
0xf47f42b1fbf477e89cb8f08815da073d287b973b,1,0,1,100
0xf49c65dfa7c9061f693660c3b363467063b0588e,2,0,2,100
0xf4a4800b210d0d40fbbe0c259c794f3000206f1e,1,0,1,100
0xf4c3e30fd5b996ed108dcf104a159efe51297b93,36,0,36,100
0xf4da29c7530489f749bcaa469ec51e37bc3b02f6,2,0,2,100
0xf4f7da2f1429b9260595035778cb842665920e08,1,0,1,100
0xf4fcb4d9e3dba04a5ef4b4e984d8bfa7962d95a6,12,0,12,100
0xf50d410b2420c1f1ea03eddcb5032cf2c2b9e377,0,0,0,0
0xf51ae724a075c9dfe4d058d62e9618bce2308b99,2,0,2,100
0xf540066c9583155413804d2b91f910ee5881318c,1,0,1,100
0xf540dc3aa5345d0a6679d6b399a2a22cfc3093ff,1,0,1,100
0xf548c915e430e986d6d12bf49cf4e018344ce75c,58,0,58,100
0xf55a2bdcd6e9788b39bfd340250bde2c2c358009,6,0,6,100
0xf56001723d00c15ca5c390fd38d1786d34f0ad48,1,0,1,100
0xf570088ecc1eafa73bb649f5c79a724e4ae10af6,6,0,6,100
0xf5954378e1f7c6206a5d9c41fe4bfc6402b628d3,2,0,2,100
0xf5ab6b4a8d578807491ef59ce855982990932617,4,0,4,100
0xf5cd7564b9409fbcbb21c43d8fc1e4ad88ba23cb,1,0,1,100
0xf5efb67a179e0935e5bfd65c52cb098142ee6e8f,2,0,2,100
0xf5f6a4a2a3466b26c7f161258fc47ff5800c0116,1,0,1,100
0xf6415dfa98ee51cc55c26a2d00b28de7e91f461d,1,0,1,100
0xf64a846eb8f314d44d82c0e9dd2aa8f3051cfa66,3,0,3,100
0xf6541d65361bfae44117350b7d70fb0828aab7f2,5,0,5,100
0xf67ea142691355005bea99cb01571dba6029a86c,8,0,8,100
0xf67f27b0c31067d0253d2f3e08fa925f235be5c5,3,0,3,100
0xf6bf4b88a8067f5216c1e2e50008cbbb1da60d35,1,0,1,100
0xf6c2d393489fc5e4e157450e82f7c01182aefbc9,1,0,1,100
0xf6cab4279a1aa744a3e7034d13aa14e1d30e3169,1,0,1,100
0xf702e13a36618855e026afb4bf9c4d2113ccb680,5,0,5,100
0xf71109225ddf9f1e98af54c1cd454c77bcfe86e9,9,0,9,100
0xf71f65997a8c33894535f415ceec31c2debbfd48,4,0,4,100
0xf760bfabcfa41ee126bd6b59099c594c41e89276,6,0,6,100
0xf779f836a3d013d8012207db88fc16820f4bd7a0,16,0,16,100
0xf77a9cde32f125c0fac0876e8fb3d82c928f9269,2,0,2,100
0xf7d2c9a3ef4f5a62a2bc0a073bc506ff98d7b892,18,0,18,100
0xf80cc583776bd1f221999d4f85d840c945e5fed6,62,0,62,100
0xf849c3169e095a54ed49f7ba1e94f1102c356988,8,0,8,100
0xf8526b275f1f2e07b84352e8d254070909a387ac,2,0,2,100
0xf8900cf8ccd5d2a142a74688e57d864804af837a,1,0,1,100
0xf8a22f8ea94443f13b1d6c746ebc682631abae6f,9,0,9,100
0xf8d963e9e994fdaab923542a852a0505ed95144d,1,0,1,100
0xf8e9f8071a74700f59d6ac8efe78f03023827b0a,1,0,1,100
0xf929858f637a1ca2b18aa50a38a7ca9bba7b5768,5,0,5,100
0xf92dd447785881afa2720397920ec104665456b7,11,0,11,100
0xf976475469e7e882ec03d0832b4354cb4bda57fc,1,0,1,100
0xf9bccbecb43db394908a6af1a3e928d1ef3df9a5,0,0,0,0
0xf9ddbac904d27f66207d140c1ca647aeb6192855,6,0,6,100
0xfa3c80975d633d38c383d47f4b6853ba28e2e091,13,0,13,100
0xfa7592eee3a03d0b3733bda12fa0c68475df70a9,4,0,4,100
0xfac9e5f339d264962caa0c6ef40978fc01c19bc7,8,0,8,100
0xfad8144e4a437f433f60d97a1c46d48b8a4d3b79,3,0,3,100
0xfb13d30424b5bf0487bf04b9ca590549d9da1a37,1,0,1,100
0xfb1c74670ca8610ce6a1fe696b8aa027f2f2ed19,4,0,4,100
0xfb31d2490ab30a584096cc28f35bccf0085f4e78,2,0,2,100
0xfb541dc23e3b4359275d37e9e8ea3dc54cae5ff8,3,0,3,100
0xfb67a549d0a142b8d73bd8e2e6cf30256f0265db,3,0,3,100
0xfb68421afdb23163c52a62147c79546000a74c30,11,0,11,100
0xfb69e5fd00f946e494184589f5b6ecb8b1039064,5,0,5,100
0xfbd3ecf8e08695f58d31750ff8dd73118aa42d72,0,0,0,0
0xfc5c2d3aecb8db6e8b871ad2d6786cfcabe84a00,3,0,3,100
0xfc8658a7fed9044e6185bba5127eec4d758375f9,1,0,1,100
0xfcb18fa0b75a266b5cbd82865953fa4f0896e2c3,1,0,1,100
0xfd64ceb90bce9eebfcdcf3e937dc1e6d010c1ab6,4,0,4,100
0xfd73a104c0866c4d0a6473575632e5a5a5aa4584,5,0,5,100
0xfd85a9a40dcc34adff6b645fc937925703b60a22,8,0,8,100
0xfd9e6ca988e444323d1a66ce4d588bfb834ac5ae,12,0,12,100
0xfdce295423edb7921ece18d95fd827b3700aed9b,2,0,2,100
0xfdfc80875b860272763f7b25aa943d4e29e7dd6d,3,0,3,100
0xfe04ac070e5449bd2ed3c3aff6ba2ebd7ec4a29e,0,2,2,0
0xfe2401eb7e5641c18dadf10670caf26d302d9dc5,6,0,6,100
0xfe3fcb1c06274f51c2b8e7bf043a543870aa13da,0,0,0,0
0xfe51401d4fd4c3ed7a8ace23c22c608eb094ebdc,1,0,1,100
0xfe51eb0d8e7c1e81cdc03655e61e7e0c17204190,6,0,6,100
0xfe669af70d6a784d4c226f711a182e5d1917b111,4,0,4,100
0xfee73f83466aaf63a56527535e5fe6dd440b0dbc,1,0,1,100
0xfee86ad5f76f546a870d93f44f080e67458b6402,9,0,9,100
0xfefb6c306105eaa900e7db01fe5ad4c7ec3107df,1,0,1,100
0xff0d801c78fc74cd3f85b103b627b97969358aa7,4,0,4,100
0xff2a7eaa5d260f10b26e85aa19242af1d9a01a37,69,0,69,100
0xff3830c41cd9d3600354aa468c90822bec3e94c4,7,0,7,100
0xff85fa5fd90281e34ff5e0b199e724f49fde8019,2,0,2,100
0xffb8c9ec9951b1d22ae0676a8965de43412ceb7d,7,0,7,100
